parent_asin,name,description,image_url,brand,price,category
B0711VZG7W,Women 2pc Gold belts Silver Skinny Belt Elastic Chain Wedding Belt Mirror Metal Waistband,"Fashion Vertical: Accessories

Attributes:
- Main Category: Belt
- Sub Category: Skinny Belt
- Fit: Adjustable
- Sleeve Style: N/A
- Neck Style: N/A
- Material: Metal, Elastic
- Pattern / Print / Theme: Solid
- Closure Type: Hook and loop
- Gemstone: None
- Frame Material: N/A
- Lens Material: N/A
- Lens Type: N/A
- Occasion: Casual, Formal, Wedding
- Colors: Gold, Silver
- Sizes: One Size
- Age Group: N/A

Image Descriptions:
- Image 1: Shows two belts, one in silver and the other in gold. The silver belt is sleek and thin, with a smooth surface, while the gold one has a unique curved design. 
- Image 2: Features a close-up of a silver skinny belt, showcasing its elongated design with a clean finish.
- Image 3: Depicts a model wearing a white dress accented with the skinny belt, emphasizing its elegant use as a wedding accessory.
- Image 4: A collage of customer photos showcasing various individuals wearing the belts with different outfits such as casual dresses and evening wear.
- Image 5: Displays another angle of the thin silver belt, highlighting its intricate clasp design.
- Image 6: Shows the gold belt again, with emphasis on its curved shape and elastic backing for comfort.
- Image 7: Features a close-up of the metal links of the belt, illustrating the high-quality finish and flexible design.",/amazon_fashion/B0711VZG7W.jpg,VOCHIC,34.76,기타
B095Y3Y2SJ,Lace Affair Underwire Balcony Bra Blue Print/Chocolate Brown US 34F,"Fashion Vertical: Women

Attributes:
- Main Category: Bra
- Sub Category: Underwire Balcony Bra
- Fit: Regular
- Sleeve Style: None
- Neck Style: None
- Material: Polyester, Lace
- Pattern / Print / Theme: Solid, Floral
- Closure Type: Hook and Eye
- Gemstone: None
- Frame Material: None
- Lens Material: None
- Lens Type: None
- Occasion: Casual, Everyday
- Colors: Blue, Chocolate Brown
- Sizes: 34F
- Age Group: None

Image Descriptions:
- Image 1: Front view of a blue lace underwire balcony bra with chocolate brown lace detailing on the top. The main color is a deep blue with floral lace accents around the edges. The straps are adjustable.
- Image 2: Back view of the same blue lace underwire bra, showcasing the hook and eye closure and the decorative lace band extending across the back.
- Image 3: A close-up image of the front of the bra, highlighting the intricate brown lace detailing that complements the blue fabric. The cup shape is clearly defined, suited for support and style.",/amazon_fashion/B095Y3Y2SJ.jpg,Wacoal,33.95,상의
B0C15CW8PK,evzosrz Linen Pants for Women Wide Leg Pant Summer Casual High Waisted Palazzo Baggy Beach Lounge Trousers with Pockets,"Fashion Vertical: Women

Attributes:
  - Main Category: Pants
  - Sub Category: Palazzo Pants
  - Fit: Loose
  - Sleeve Style: None
  - Neck Style: None
  - Material: Cotton Linen
  - Pattern / Print / Theme: Solid
  - Closure Type: Elastic Waist
  - Gemstone: None
  - Frame Material: None
  - Lens Material: None
  - Lens Type: None
  - Occasion: Casual, Beach
  - Colors: Black
  - Sizes: S, M, L, XL, XXL
  - Age Group: None

Image Descriptions:
  - Image 1: Model wearing wide leg black pants with two side pockets, styled casually with a top knot. 
  - Image 2: Similar to Image 1, with additional view emphasizing pockets and loose fit, highlighting beachwear style.
  - Image 3: Black pants with relaxed fit, background at a beach, capturing the loose flow of the fabric.
  - Image 4: Model poses with a handbag, showcasing the pants’ versatility for outings, close-up on side details.
  - Image 5: Side view emphasizing the wide leg style, model standing on the beach with subtle waves in the background.
  - Image 6: Size chart image showing measurements for sizing options available, including waist and length details.",/amazon_fashion/B0C15CW8PK.jpg,evzosrz,5.99,하의
B00WFRZSKS,OKAJEWELRY Cubic Zirconia Leaves Ear Vine Cuff Wrap Earrings 1 Pair,"Fashion Vertical: Jewelry

Attributes:
- Main Category: Earrings
- Sub Category: Ear Cuff Earrings
- Fit: Adjustable
- Sleeve Style: N/A
- Neck Style: N/A
- Material: Brass-Plated Gold, Cubic Zirconia
- Pattern / Print / Theme: Solid
- Closure Type: Post
- Gemstone: Cubic Zirconia
- Frame Material: N/A
- Lens Material: N/A
- Lens Type: N/A
- Occasion: Casual, Party, Gift
- Colors: Gold, Clear
- Sizes: 1.06 x 0.39 inches (approx)
- Age Group: Adult

Image Descriptions:
- Image 1: A close-up image showcasing the earrings with a gold-plated leaf design adorned with sparkling cubic zirconia. The earrings are lightweight and elegantly designed.
- Image 2: The earrings displayed on a model's ear, highlighting their fit and design against her hairstyle and hand jewelry, emphasizing a refined look.
- Image 3: An artistic image where the earrings are placed on a white plate. The cubic zirconia details are sparkling against a dark background, enhancing visual appeal.
- Image 4: A different angle of the earrings on a plate, showcasing their back side to indicate the post closure type and innovative design.
- Image 5: Another angle emphasizing the gold and cubic zirconia aspect of the earrings, reinforcing their nature as a stylish accessory.",/amazon_fashion/B00WFRZSKS.jpg,OKA JEWELRY,21.32,기타
B0079MCIMU,"Adult Tattered Tutu Skirt,A28169,multi-colored,One-Size","Fashion Vertical: Women

Attributes:
- Main Category: Skirt
- Sub Category: Tutu Skirt
- Fit: Regular
- Sleeve Style: N/A
- Neck Style: N/A
- Material: Tulle
- Pattern / Print / Theme: Multi-colored
- Closure Type: N/A
- Gemstone: None
- Frame Material: N/A
- Lens Material: N/A
- Lens Type: N/A
- Occasion: Party, Festive
- Colors: Bright Pink, Green, Blue, Yellow
- Sizes: One-Size
- Age Group: N/A

Image Descriptions:
- Image 1: A brightly colored adult tattered tutu skirt featuring layers of tulle in an assortment of vivid colors, including pink, green, blue, and purple. The skirt is styled as a fun, playful party accessory, showcasing its short length and sheer material.
- Image 2: A close-up of the same skirt highlighting the vibrant tulle fabric and the mix of colors. The arrangement of the colors and the light sheen of the tulle are prominent.",/amazon_fashion/B0079MCIMU.jpg,Moda Danza,49.47,하의
B08P1QRKR4,"Baby Girl Camo Pant set Long Sleeve Romper Camouflage Pant with Headband 4PCS Sweatshirt Clothes Set (Camo-1, 6-12 Months)","Fashion Vertical: Kids

Attributes:
- Main Category: Outfit
- Sub Category: Romper Set
- Fit: Regular
- Sleeve Style: Full-sleeve
- Neck Style: Round neck
- Material: Cotton
- Pattern / Print / Theme: Camouflage
- Closure Type: Snap
- Gemstone: None
- Frame Material: None
- Lens Material: None
- Lens Type: None
- Occasion: Casual
- Colors: Olive Green, Brown, Black
- Sizes: 6-12 Months
- Age Group: Infant

Image Descriptions:
- Image 1: Features an olive green romper with the text “SORRY BOYS DADDY SAYS NO DATING” printed in black. The outfit includes camouflage pants, a matching headband, and a beanie. The materials appear soft and suitable for infants.
- Image 2: Similar to image 1, showcasing olive green and camouflage details. The background hints at a playful setting with subtle decor, emphasizing the outfit style.
- Image 3: Close-up of the romper's neckline, highlighting the softness of cotton. The tag indicates a size of 70, suitable for infants.
- Image 4: Close-up of the bottom snap closure of the romper, showcasing easy access for changing.
- Image 5: Detail of the camouflage pants’ waistband with a drawstring feature, ensuring a secure fit.
- Image 6: A flat view of the complete outfit laid out, displaying all components clearly, including the headband and beanie.",/amazon_fashion/B08P1QRKR4.jpg,Viworld,137.73,원피스
B013CSCUZY,Unisex EDS Signature Scrub Hat,"Fashion Vertical: Unisex

Attributes:
- Main Category: Hat
- Sub Category: Scrub Hat
- Fit: Regular
- Sleeve Style: N/A
- Neck Style: N/A
- Material: Polyester
- Pattern / Print / Theme: Solid
- Closure Type: Drawstring
- Gemstone: None
- Frame Material: N/A
- Lens Material: N/A
- Lens Type: N/A
- Occasion: Work, Medical
- Colors: Navy Blue
- Sizes: One Size Fits All
- Age Group: N/A

Image Descriptions:
- Image 1: A navy blue scrub hat made of polyester with a smooth texture. It features a drawstring closure at the back for adjustment. The design is simple and solid, suitable for medical professionals.
- Image 2: A size chart indicating that the hat is ""One Size Fits All,"" providing important information for potential buyers about sizing.",/amazon_fashion/B013CSCUZY.jpg,Dickies,30.55,기타
B00T88Y326,Ci Sono By Cavalini Womens Pearl Snap Denim Shirt. TP012 medium MEDIUM wash,"Fashion Vertical: Women

Attributes:
- Main Category: Shirt
- Sub Category: Denim Shirt
- Fit: Regular
- Sleeve Style: Full-sleeve
- Neck Style: Collared
- Material: Cotton
- Pattern / Print / Theme: Solid
- Closure Type: Snap closure
- Gemstone: None
- Frame Material: None
- Lens Material: None
- Lens Type: None
- Occasion: Casual
- Colors: Denim Blue
- Sizes: M (Medium)
- Age Group: None

Image Descriptions:
- Image 1: A front view of a woman wearing a denim shirt in a medium wash. The shirt has a collared neck, snap button closure, and two front pockets. It features a solid denim blue color.
- Image 2: A side view of the same woman in the denim shirt, highlighting the fit and sleeve length, showing the full sleeves and cotton material.
- Image 3: A back view of the denim shirt, displaying the smooth back design and collar.
- Image 4: Another back view of the shirt, emphasizing the fit and simple design.
- Image 5: A close-up front view of the shirt, showcasing the fabric texture and pocket details.",/amazon_fashion/B00T88Y326.jpg,Ci Sono By Cavalini,39.96,상의
B08F9Q1PRR,Floerns Women's Casual Round Neck Short Sleeve T-Shirt Dress Black-1 M,"Fashion Vertical: Women

Attributes:
- Main Category: Dress
- Sub Category: T-Shirt Dress
- Fit: Regular
- Sleeve Style: Short sleeve
- Neck Style: Round neck
- Material: Cotton
- Pattern / Print / Theme: Solid with text print
- Closure Type: None
- Gemstone: None
- Frame Material: None
- Lens Material: None
- Lens Type: None
- Occasion: Casual
- Colors: Black
- Sizes: M
- Age Group: None

Image Descriptions:
- Image 1: Front view of the black t-shirt dress displaying the word ""DREAMER"" in white text across the chest. The dress has a loose, relaxed fit.
- Image 2: Back view of the black t-shirt dress, showing the same solid black color with no distinct features.
- Image 3: Close-up of the t-shirt dress, focusing on the text ""DREAMER"" printed in white on the black fabric, highlighting the material texture.
- Image 4: Close-up of the short sleeve, showcasing the seamless design and fabric quality.",/amazon_fashion/B08F9Q1PRR.jpg,Floerns,42.20,원피스
B01DVFEI2G,"10k Yellow Gold Solid Curb Chain 3.5mm Link Necklace 21.9""","Fashion Vertical: Jewelry

Attributes:
- Main Category: Necklace
- Sub Category: Chain Necklace
- Fit: Standard
- Sleeve Style: N/A
- Neck Style: N/A
- Material: 10k Yellow Gold
- Pattern / Print / Theme: Solid
- Closure Type: Lobster Clasp
- Gemstone: None
- Frame Material: N/A
- Lens Material: N/A
- Lens Type: N/A
- Occasion: Casual, Formal
- Colors: Yellow Gold
- Sizes: 21.9 inches
- Age Group: N/A

Image Descriptions:
- Image 1: Close-up view of a 10k yellow gold solid curb chain necklace. The necklace features 3.5mm thick links with a lobster clasp. 
- Image 2: A sleek, black velvet jewelry box. The box has a smooth exterior with gold trim.
- Image 3: A slightly opened black velvet jewelry box with a white interior. The box has a gold trim and gives a luxurious presentation.",/amazon_fashion/B01DVFEI2G.jpg,,65.76,기타
B06XF7NXZ3,DREAM PAIRS Little Kid 160712-2-K Fuchsia Mesh Summer Swim Water Shoes Shoes - 11 M US Little Kid,"Fashion Vertical: Kids

Attributes:
- Main Category: Footwear
- Sub Category: Water Shoes
- Fit: Regular
- Sleeve Style: N/A
- Neck Style: N/A
- Material: Mesh, Rubber
- Pattern / Print / Theme: Solid
- Closure Type: Slip-on with adjustable laces
- Gemstone: None
- Frame Material: N/A
- Lens Material: N/A
- Lens Type: N/A
- Occasion: Casual, Summer
- Colors: Fuchsia, White
- Sizes: 11 M US Little Kid
- Age Group: Little Kid

Image Descriptions:
- Image 1: A pink mesh water shoe featuring a breathable upper, rubber sole, and an adjustable lace mechanism. The shoe has a white sole and is designed for comfort and grip.
- Image 2: The shoe is shown from a side angle with the sole visible, highlighting the tread design for traction. The color and material texture are consistent with the first image.
- Image 3: A close-up of the shoe from another angle, showing the distinctive lacing system and the logo on the outer side. The vibrant pink is prominent in this view.
- Image 4: A back view of the shoe, emphasizing the material and color. The shoe's heel has incorporated branding in a contrasting orange color.
- Image 5: The inside view of the shoe shows the soft lining and the adjustable lace system. The intricate weaving of the mesh material can be observed.",/amazon_fashion/B06XF7NXZ3.jpg,DREAM PAIRS,90.62,기타
B01IQAHUSU,iHeartRaves Orange Butterfly Wings Rave Costume,"Fashion Vertical: Seasonal Costumes

Attributes:
- Main Category: Costume
- Sub Category: Butterfly Wings Costume
- Fit: Regular
- Sleeve Style: Sleeveless
- Neck Style: V-neck
- Material: Polyester
- Pattern / Print / Theme: Animal print (Butterfly)
- Closure Type: N/A
- Gemstone: None
- Frame Material: N/A
- Lens Material: N/A
- Lens Type: N/A
- Occasion: Halloween, Rave
- Colors: Orange, Black, Yellow
- Sizes: N/A
- Age Group: N/A

Image Descriptions:
- Image 1: The model is wearing a black bodysuit with orange and yellow butterfly wings. The wings are made of a lightweight fabric that flows as she poses. The outfit is paired with chunky black boots.
- Image 2: The same model from the back, showing the wings fully extended. The back of the bodysuit has a deep cut, enhancing the dramatic effect of the costume.
- Image 3: A side view showcasing the butterfly wings. The model's expression is cheerful, with the wings slightly fanned out, emphasizing the bold colors and pattern.
- Image 4: Another model wearing a similar costume with the butterfly wings. This outfit features a deep V-cut bodysuit and is accessorized with a necklace, set in an outdoor setting to add to the whimsical vibe of the costume.",/amazon_fashion/B01IQAHUSU.jpg,iHeartRaves,60.36,기타
B07PP6YVHT,"Fashionme Casual Ruffled Sleeve Asymmetric Cross V-Neck Dress Floral Print Short Mini Summer Dress for Women (Dark Blue, S)","Fashion Vertical: Women

Attributes:
- Main Category: Dress
- Sub Category: Mini Dress
- Fit: Regular
- Sleeve Style: Short Sleeve
- Neck Style: V-neck
- Material: Not specified
- Pattern / Print / Theme: Floral
- Closure Type: Not specified
- Gemstone: None
- Frame Material: Not applicable
- Lens Material: Not applicable
- Lens Type: Not applicable
- Occasion: Casual
- Colors: Dark Blue, Multi-colored (floral prints)
- Sizes: S, M, L, XL
- Age Group: Not applicable

Image Descriptions:
- Image 1: The dress features a dark blue background with a vibrant floral print. It has ruffled short sleeves and a V-neck cut. The fabric appears lightweight, suitable for summer wear.
- Image 2: The back view shows the same floral design and ruffled sleeve detail, emphasizing the dress's flared hem. There are no distinct features visible other than the overall floral pattern.
- Image 3: A size chart displaying measurements for sizes S, M, L, and XL, with shoulder, bust, sleeve length, and total length dimensions provided in inches.",/amazon_fashion/B07PP6YVHT.jpg,Fashionme,147.06,원피스
B09KQ185PY,Cubic Zirconia Crescent Moon and Star Dangle Hoop Earrings for Women 14K Gold Plated 925 Sterling Silver Crystal Snowflake Asymmetrical Drop Small Cute Jewelry,"Fashion Vertical: Jewelry

Attributes:
- Main Category: Earrings
- Sub Category: Dangle Hoop Earrings
- Fit: N/A
- Sleeve Style: N/A
- Neck Style: N/A
- Material: Sterling Silver, Gold Plated
- Pattern / Print / Theme: N/A
- Closure Type: Hoop
- Gemstone: Cubic Zirconia
- Frame Material: N/A
- Lens Material: N/A
- Lens Type: N/A
- Occasion: Casual, Party
- Colors: Silver, Gold
- Sizes: N/A
- Age Group: N/A

Image Descriptions:
- Image 1: Two dangle hoop earrings featuring a star and crescent moon design, made of sterling silver. The star is adorned with cubic zirconia stones.
- Image 2: Close-up view of the same earrings, showcasing the silver hoop and the detailing on the dangling star and moon.
- Image 3: Multiple pairs of earrings displayed, with a mix of gold and silver options. Each pair features a star and crescent moon motif encrusted with cubic zirconia.
- Image 4: Another view of the two styles of earrings (gold and silver), emphasizing their dangling features and craftsmanship.",/amazon_fashion/B09KQ185PY.jpg,Abasona,43.57,기타
B09NBRMPKV,JTJFIT If My Mouth Doesn't Say It My Face Definitely Will T-Shirt Women Tee Casual Short-Sleeve Girl T-Shirts Top(V-Dark Green-L),"Fashion Vertical: Women

Attributes:
- Main Category: T-Shirt
- Sub Category: Casual Tee
- Fit: Regular
- Sleeve Style: Short Sleeve
- Neck Style: V-neck
- Material: Cotton Blend, Spandex
- Pattern / Print / Theme: Graphic/Text
- Closure Type: None
- Gemstone: None
- Frame Material: None
- Lens Material: None
- Lens Type: None
- Occasion: Casual
- Colors: Dark Green
- Sizes: L
- Age Group: None

Image Descriptions:
- Image 1: A casual Dark Green tee with the phrase ""If my mouth doesn't say it, my face definitely will"" printed in white. The shirt is styled with distressed denim shorts.
- Image 2: A model wearing the same Dark Green tee showing its relaxed fit with similar distressed denim shorts. The shirt emphasizes the printed text.
- Image 3: Another view of the same model in the Dark Green tee, highlighting its design and fit. The background is neutral.
- Image 4: A close-up of the Dark Green fabric, illustrating its soft and stretchy texture.
- Image 5: An illustration of the t-shirt with a size chart providing measurements for various sizes including bust, length, shoulder, sleeve, and hip dimensions.",/amazon_fashion/B09NBRMPKV.jpg,JTJFIT,28.13,상의
B07SCYTR1H,"OURS Women Sleeveless Maxi Dress Casual Long Dresses Beach Dresses Flower Light Blue Dresses (L, Blue Floral)","Fashion Vertical: Women

Attributes:
- Main Category: Dress
- Sub Category: Maxi Dress
- Fit: Regular
- Sleeve Style: Sleeveless
- Neck Style: V-neck
- Material: Polyester, Spandex
- Pattern / Print / Theme: Floral
- Closure Type: Tie closure
- Gemstone: None
- Frame Material: None
- Lens Material: None
- Lens Type: None
- Occasion: Casual, Beach
- Colors: Light Blue, White, Green, Pink
- Sizes: L
- Age Group: None

Image Descriptions:
- Image 1: A sleeveless light blue maxi dress featuring a floral print with large white flowers and green leaves. The dress has a relaxed fit and pockets on the sides. 
- Image 2: The back view of the same light blue maxi dress, showcasing the floral print and the deep V-neck design. The model appears to wear flat sandals, completing the casual summer look.",/amazon_fashion/B07SCYTR1H.jpg,OURS,117.05,원피스
B071RWJHTW,roswear Women's Leaf Print Ruffle Pocket Strapless Romper Dark Blue Large,"Fashion Vertical: Women

Attributes:
- Main Category: Romper
- Sub Category: Strapless Ruffle Romper
- Fit: Regular
- Sleeve Style: Sleeveless
- Neck Style: Strapless
- Material: Not specified
- Pattern / Print / Theme: Leaf Print
- Closure Type: None
- Gemstone: None
- Frame Material: None
- Lens Material: None
- Lens Type: None
- Occasion: Casual
- Colors: Dark Blue, Green, Pink
- Sizes: Large
- Age Group: Not applicable

Image Descriptions:
- Image 1: A woman wearing a dark blue strapless romper with a ruffle layer over the bust, featuring a leaf print in green and pink. The design is vibrant and tropical.
- Image 2: Side view of the same romper showing the ruffle detail and pockets on the sides. The leaf print continues prominently.
- Image 3: Back view of the romper, highlighting the strapless design and the flow of the fabric. The leaf print remains consistent across the back.",/amazon_fashion/B071RWJHTW.jpg,roswear,36.31,원피스
B01KW5ZTPI,GW M1651-2 Fashion Sneaker 13 M,"Fashion Vertical: Footwear

Attributes:
- Main Category: Sneaker
- Sub Category: Fashion Sneaker
- Fit: Regular
- Sleeve Style: N/A
- Neck Style: N/A
- Material: Leather, Synthetic
- Pattern / Print / Theme: Solid
- Closure Type: Lace-up
- Gemstone: None
- Frame Material: N/A
- Lens Material: N/A
- Lens Type: N/A
- Occasion: Casual
- Colors: Brown, Gray
- Sizes: 13 M
- Age Group: N/A

Image Descriptions:
- Image 1: A brown fashion sneaker featuring a smooth leather upper with complementary stitching. The sole is white rubber, providing contrast.
- Image 2: A top-down view showing the lacing system, with brown leather and soft gray fabric around the ankle area.
- Image 3: A bottom view displaying the rubber sole with a wavy tread pattern, indicating durability and traction.
- Image 4: A side profile highlighting the height of the sneaker and the combination of leather textures, with a soft gray lining.
- Image 5: Another side view revealing stitching details and the structured design that combines fashion with comfort.
- Image 6: A frontal view capturing the spacious toe box and detailing around the lacing area.",/amazon_fashion/B01KW5ZTPI.jpg,GLOBALWIN,42.79,기타
B07B7NGWSH,"Peppa Pig Kids Toddler Girls Pink Glitter Slip On Sandals with Hook Ankle Strap, Silver, 7 M US","Fashion Vertical: Kids

Attributes:
- Main Category: Footwear
- Sub Category: Sandals
- Fit: Regular
- Sleeve Style: N/A
- Neck Style: N/A
- Material: Synthetic
- Pattern / Print / Theme: Floral, Cartoon character
- Closure Type: Velcro
- Gemstone: None
- Frame Material: N/A
- Lens Material: N/A
- Lens Type: N/A
- Occasion: Casual
- Colors: Silver, Pink, Purple, White
- Sizes: 7 M US
- Age Group: Toddler

Image Descriptions:
- Image 1: A silver glittery sandal showing a floral bottom with a Peppa Pig character. The sandal features two Velcro straps and has a purple background with white flowers.
- Image 2: Side view of the same sandal, highlighting the Velcro straps and glittery material, with a floral pattern on the sole.
- Image 3: Back view showing the thicker sole with the same floral design and Velcro straps for adjustments.
- Image 4: Top view showcasing the floral print underneath and two Velcro straps with a Peppa Pig patch.
- Image 5: A detailed side view highlighting features like the safety EVA outsides and adjustable straps, emphasizing comfort and longevity.
- Image 6: Promotional image of children playing in the grass, depicting a vibrant and fun footwear experience.",/amazon_fashion/B07B7NGWSH.jpg,Peppa Pig,38.00,기타
B016C53Q4S,The Sophia Serpent Ring Ouroboros by Alchemy Gothic - size 8,"Fashion Vertical: Jewelry

Attributes:
- Main Category: Ring
- Sub Category: Serpent Ring
- Fit: Adjustable
- Sleeve Style: N/A
- Neck Style: N/A
- Material: Metal
- Pattern / Print / Theme: Snake design
- Closure Type: N/A
- Gemstone: Green glass
- Frame Material: N/A
- Lens Material: N/A
- Lens Type: N/A
- Occasion: Casual, Festive
- Colors: Silver, Green
- Sizes: 8
- Age Group: N/A

Image Descriptions:
- Image 1: A detailed view of a serpent ring with intricate scales and a green gemstone for the eye. The ring is silver-toned and features an open design where the serpent appears to be biting its own tail. Dimensions include a width that fits size 8.
- Image 2: A close-up view of the snake-shaped ring from a different angle, showing the serpent's head and detailing around its scales. The green gemstone eye is prominently visible against the silver texture.
- Image 3: A delicate presentation of the ring on a hand, highlighting its slender design and the shimmering silver texture against a soft, blurred background.",/amazon_fashion/B016C53Q4S.jpg,Alchemy Gothic,27.59,기타
B01GEJBUQ8,"Boulder Creek Men's Big & Tall Heavyweight Long-Sleeve Pocket Crewneck Tee,","Fashion Vertical: Men

Attributes:
- Main Category: T-Shirt
- Sub Category: Crewneck Long-Sleeve Tee
- Fit: Regular
- Sleeve Style: Full-sleeve
- Neck Style: Crew neck
- Material: Cotton
- Pattern / Print / Theme: Solid
- Closure Type: None
- Gemstone: None
- Frame Material: None
- Lens Material: None
- Lens Type: None
- Occasion: Casual
- Colors: Blue, Orange
- Sizes: 3XL
- Age Group: None

Image Descriptions:
- Image 1: A blue long-sleeve crewneck tee with a pocket on the left chest, made of cotton. The shirt has a relaxed fit, and the solid color creates a classic look.
- Image 2: An orange long-sleeve crewneck tee modeled by a man outdoors, featuring a pocket on the left chest. The bright color stands out against a natural backdrop.",/amazon_fashion/B01GEJBUQ8.jpg,Boulder Creek,28.52,상의
B07M8KZ8CK,Unbranded Women's Casual Long Sleeve Draped Round Neck Loose Tunic T Shirt Blouse Tops Side Shirring,"Fashion Vertical: Women

Attributes:
- Main Category: Top
- Sub Category: Tunic
- Fit: Loose
- Sleeve Style: Full-sleeve
- Neck Style: Round neck
- Material: Unknown
- Pattern / Print / Theme: Solid
- Closure Type: None
- Gemstone: None
- Frame Material: None
- Lens Material: None
- Lens Type: None
- Occasion: Casual
- Colors: Purple
- Sizes: Not specified
- Age Group: Not applicable

Image Descriptions:
- Image 1: A woman wearing a purple long-sleeve tunic top with a round neck. The top features side shirring and three decorative buttons on the side. The sleeves are full-length and the fit appears loose and comfortable.
- Image 2: N/A (only one image provided).

Product Information:
{'main_category': 'AMAZON FASHION', 'title': ""Unbranded Women's Casual Long Sleeve Draped Round Neck Loose Tunic T Shirt Blouse Tops Side Shirring"", 'average_rating': 4.3, 'rating_number': 2, 'features': array(['Hand Wash Only'], dtype=object), 'description': array([], dtype=object), 'price': nan, 'images': array([{'thumb': 'https://m.media-amazon.com/images/I/41X2rkRLk1L._AC_SR38,50_.jpg', 'large': 'https://m.media-amazon.com/images/I/41X2rkRLk1L._AC_.jpg', 'variant': 'MAIN', 'hi_res': 'https://m.media-amazon.com/images/I/61krwtgHvRL._AC_UL1169_.jpg'}], dtype=object), 'store': 'Unknown', ...}",/amazon_fashion/B07M8KZ8CK.jpg,Unknown,29.22,상의
B01GURVHBM,Bernie Sand Wars Navy Blue 100% Cotton Made in USA T-Shirt,"Fashion Vertical: Men

Attributes:
- Main Category: T-Shirt
- Sub Category: Graphic T-Shirt
- Fit: Regular
- Sleeve Style: Short Sleeve
- Neck Style: Crew Neck
- Material: Cotton
- Pattern / Print / Theme: Graphic Print
- Closure Type: None
- Gemstone: None
- Frame Material: None
- Lens Material: None
- Lens Type: None
- Occasion: Casual
- Colors: Navy Blue, Yellow
- Sizes: Not specified
- Age Group: None

Image Descriptions:
- Image 1: The front view of a navy blue T-shirt featuring a bold graphic print in yellow text that reads “BERNIE SAND WARS.” The shirt has a regular fit and short sleeves.
- Image 2: The back view of the same navy blue T-shirt, showing a solid color with no visible printing or designs.",/amazon_fashion/B01GURVHBM.jpg,Bernie Sand Wars,33.92,상의
B08RHMRK9Z,"Rocking The Dog Mom Shirt Women Aunt Life Tee Cute Saying Tops Funny Graphic Clothes (A Black, L)","Fashion Vertical: Women

Attributes:
- Main Category: Shirt
- Sub Category: Graphic Tee
- Fit: Regular
- Sleeve Style: Short sleeve
- Neck Style: Round neck
- Material: Cotton blend
- Pattern / Print / Theme: Graphic / Text print
- Closure Type: None
- Gemstone: None
- Frame Material: None
- Lens Material: None
- Lens Type: None
- Occasion: Casual
- Colors: Black, Multicolor print
- Sizes: L
- Age Group: None

Image Descriptions:
- Image 1: A black graphic tee with a colorful design featuring a hand gesture and the text ""Rockin' The Dog Mom and Aunt Life"". It's styled with light blue jeans and white sneakers.
- Image 2: A model wearing the same black graphic tee while smiling. The tee is paired with denim shorts, showcasing a casual summer outfit.
- Image 3: A close-up of the model in the graphic tee and denim shorts, displaying her accessorized look with hoop earrings.
- Image 4: A rear view of the model in the black tee, highlighting the back style and fit of the shirt.
- Image 5: A size chart indicating various sizes (S, M, L, XL) with measurements for length, bust, and sleeve for guidance on fitting options.",/amazon_fashion/B08RHMRK9Z.jpg,BLANCHES,79.80,상의
B09YNSQN39,TBONTB Summer Wrap Dress for Women Bodycon Mini Casual Sleeveless Tie Waist Ruched Dresses Mint Green Small,"Fashion Vertical: Women

Attributes:
- Main Category: Dress
- Sub Category: Bodycon Mini Dress
- Fit: Slim
- Sleeve Style: Sleeveless
- Neck Style: Round neck
- Material: Polyester
- Pattern / Print / Theme: Solid
- Closure Type: Tie
- Gemstone: None
- Frame Material: N/A
- Lens Material: N/A
- Lens Type: N/A
- Occasion: Casual
- Colors: Mint Green
- Sizes: S
- Age Group: N/A

Image Descriptions:
- Image 1: A woman wearing a mint green bodycon mini dress with a tie waist. The dress has a round neck and is sleeveless, showcasing a slim fit.
- Image 2: A close-up view of the same mint green dress with the woman styled against a light background. The dress features a knot detail at the waist.
- Image 3: Another angle of the mint green bodycon dress, emphasizing the tie waist and slim silhouette, with a focus on the dress's fit on the model.
- Image 4: Rear view of the dress highlighting the back contour and the sleeveless design, also in mint green.
- Image 5: Front view of the model showcasing the full dress in a different setting. The mint green dress is styled with a natural decor background.
- Image 6: Display of a size chart for the dress showing dimensions in inches for various sizes including S, M, and L.",/amazon_fashion/B09YNSQN39.jpg,TBONTB,151.41,원피스
B07DZTN4JW,"THE AWOKEN Cargo Joggers Men Slim Fit with Pockets(Blue, M)","Fashion Vertical: Men

Attributes:
- Main Category: Pants
- Sub Category: Cargo Joggers
- Fit: Slim
- Sleeve Style: N/A
- Neck Style: N/A
- Material: Polyester
- Pattern / Print / Theme: Solid
- Closure Type: Drawstring
- Gemstone: None
- Frame Material: N/A
- Lens Material: N/A
- Lens Type: N/A
- Occasion: Casual
- Colors: Blue
- Sizes: M
- Age Group: N/A

Image Descriptions:
- Image 1: Front view of blue cargo joggers. The joggers have a slim fit with pockets visible on the sides. The material appears lightweight and suitable for casual wear.
- Image 2: Back view of the blue cargo joggers. The elastic waistband is visible, with no notable features except for the overall fitted design.
- Image 3: Detailed size guide showing dimensions for waist, seat, thigh, and outseam. Sizes are listed from XS to XL with specific measurements.
- Image 4: Alternative front view showing the joggers fit more closely to the body. The side cargo pockets are clearly visible.
- Image 5: Another back view displaying the joggers. The fabric's smooth texture is evident, along with lesser details of the waistband shape.
- Image 6: Close-up of front pockets and waistband, emphasizing the drawstring closure. The material appears durable with a glossy finish.",/amazon_fashion/B07DZTN4JW.jpg,THE AWOKEN,94.72,하의
B01M4N1SK0,Zestway Womens Warm Casual Wool Blended Classic Hooded Pea Coat Jacket Black XL,"Fashion Vertical: Women

Attributes:
- Main Category: Jacket
- Sub Category: Pea Coat
- Fit: Regular
- Sleeve Style: Full-sleeve
- Neck Style: Hooded
- Material: Wool Blend
- Pattern / Print / Theme: Solid
- Closure Type: Toggle
- Gemstone: None
- Frame Material: None
- Lens Material: None
- Lens Type: None
- Occasion: Casual
- Colors: Black
- Sizes: XL
- Age Group: None

Image Descriptions:
- Image 1: A black hooded pea coat with a soft fleece interior and toggle closures. The coat features front pockets and a regular fit style. 
- Image 2: Similar angle as the first image, emphasizing the hood and toggle closure of the black coat, showcasing the stylish design and fit.
- Image 3: Close-up of the coat's side detailing, highlighting the toggle closure and the fabric texture, ensuring the focus is on the quality of the material.",/amazon_fashion/B01M4N1SK0.jpg,,160.23,아우터
B0787QB7QJ,"Messic Women's Casual Tunic Tank Tops Chiffon V Neck Sleeveless Blouse Tops (X-Large, 02#Black)","Fashion Vertical: Women

Attributes:
- Main Category: Dress
- Sub Category: A-line Dress
- Fit: Regular
- Sleeve Style: Short sleeve
- Neck Style: V-neck
- Material: Polyester
- Pattern / Print / Theme: Solid
- Closure Type: None
- Gemstone: None
- Frame Material: None
- Lens Material: None
- Lens Type: None
- Occasion: Casual, Formal
- Colors: Black
- Sizes: XL
- Age Group: None

Image Descriptions:
- Image 1: A black A-line dress with a V-neckline and short sleeves. Features pockets on both sides and pleated detailing.
- Image 2: A model wearing a black A-line dress with short sleeves and V-neckline, showcasing the pleated skirt and side pockets.
- Image 3: Slightly different angle of the same black dress, emphasizing the fitted bodice and skirt flow.
- Image 4: Side view of the model in the black dress, highlighting the pleats and side pocket placement.
- Image 5: Back view of the dress, displaying the V-neck design and overall shape of the dress.
- Image 6: Close-up of the V-neck detailing with measurements indicating shoulder, bust, length, and sleeve sizing for reference.",/amazon_fashion/B0787QB7QJ.jpg,Messic,132.61,원피스
B07P8SDP7B,"LEGO Jurassic World Boy's 2fer 4 Piece Short Sleeve Cotton Pajamas Set (6, Green/Grey)","Fashion Vertical: Kids

Attributes:
- Main Category: Pajamas
- Sub Category: 2-Piece Set
- Fit: Regular
- Sleeve Style: Short-sleeve
- Neck Style: Crew neck
- Material: Cotton
- Pattern / Print / Theme: Cartoon, Dinosaur
- Closure Type: Pull On
- Gemstone: None
- Frame Material: None
- Lens Material: None
- Lens Type: None
- Occasion: Casual, Sleepwear
- Colors: Grey, Green, Navy Blue, Yellow, Orange
- Sizes: 6

Image Descriptions:
- Image 1: Features a 2-piece pajama set showing a T-shirt with a Tyrannosaurus Rex graphic in grey and green along with striped pants in green and navy blue. The shirt has short sleeves and a crew neck.
- Image 2: Similar view as the first image but showing the set from a different angle, highlighting the striped design of the pants and the dinosaur graphic on the shirt.
- Image 3: Shows the pajamas on a flat surface with various toy dinosaurs around, emphasizing the cartoon theme and vibrant colors.
- Image 4: Close-up of the T-shirt graphic featuring a roaring dinosaur with a strong visual element in darker tones.
- Image 5: Close-up of the striped material of the pants, highlighting the green and navy blue color combination and texture.
- Image 6: Displays the complete pajama set again, emphasizing the vibrant dinosaur print and the overall color coordination.",/amazon_fashion/B07P8SDP7B.jpg,LEGO,65.84,원피스
B09P3FR18T,"WisteriaSR Off Shoulder Beaded Bridesmaid Dresses 2022 Mermaid Slit Evening Party Gowns for Women Grape, 12","Fashion Vertical: Women

Attributes:
- Main Category: Dress
- Sub Category: Bridesmaid Dress
- Fit: Regular
- Sleeve Style: Off-shoulder
- Neck Style: V-neck
- Material: Satin
- Pattern / Print / Theme: Solid
- Closure Type: Lace-up
- Gemstone: None
- Frame Material: None
- Lens Material: None
- Lens Type: None
- Occasion: Formal, Evening Party, Wedding, Prom
- Colors: Grape, Beige, Pink, Green
- Sizes: 12 (customizable options available)
- Age Group: Adult

Image Descriptions:
- Image 1: A model in a grape-colored off-shoulder mermaid gown with a beaded bodice and a high side slit, made of satin. The dress features a lace-up back.
- Image 2: The same model in a beige gown with a similar design to Image 1, showcasing a beaded bodice and a high side slit.
- Image 3: Close-up view of the beige gown on the model, highlighting the intricate beadwork on the bodice.
- Image 4: The model dons a pink mermaid-style gown similar to the grape gown, featuring off-shoulder sleeves and a side slit.
- Image 5: Display of sizing information and available colors for customization, showing a size chart and swatches.
- Image 6: Instructional guide for measuring for fit, detailing how to measure bust, waist, and hips.",/amazon_fashion/B09P3FR18T.jpg,WisteriaSR,69.22,원피스
B00XUYOX3I,Fair Game 2 Redfish Long Sleeve Shirt-Ash-2x,"Fashion Vertical: Men

Attributes:
- Main Category: Shirt
- Sub Category: Long Sleeve T-shirt
- Fit: Regular
- Sleeve Style: Full-sleeve
- Neck Style: Crew neck
- Material: Cotton
- Pattern / Print / Theme: Graphic Print
- Closure Type: None
- Gemstone: None
- Frame Material: None
- Lens Material: None
- Lens Type: None
- Occasion: Casual
- Colors: Ash (Light Gray)
- Sizes: 2X

Image Descriptions:
- Image 1: The front of the shirt features a small graphic of a fish on the left chest area. The shirt is light gray in color and has full sleeves.
- Image 2: The back of the shirt showcases a larger graphic print of two redfish on a grassy area with a painted backdrop, maintaining the same light gray color. 

Product Information:
{'main_category': 'AMAZON FASHION', 'title': 'Fair Game 2 Redfish Long Sleeve Shirt-Ash-2x', 'average_rating': 5.0, 'rating_number': 1, 'features': array([], dtype=object), 'description': array([], dtype=object), 'price': nan, 'images': array([{'thumb': 'https://m.media-amazon.com/images/I/41KwHSk6MFL._AC_SR38,50_.jpg', 'large': 'https://m.media-amazon.com/images/I/41KwHSk6MFL._AC_.jpg', 'variant': 'MAIN', 'hi_res': 'https://m.media-amazon.com/images/I/71ojDkSNq4L._AC_UL1024_.jpg'}], dtype=object), 'store': 'Fair Game'}",/amazon_fashion/B00XUYOX3I.jpg,Fair Game,39.00,상의
B071XHDXNB,Mr.Zhang Mens Hipster Hip Hop Sleeveless Pullover Hoodies Shirts Coffee-US S,"Fashion Vertical: Men

Attributes:
- Main Category: Shirt
- Sub Category: Sleeveless Pullover Hoodie
- Fit: Regular
- Sleeve Style: Sleeveless
- Neck Style: Hooded
- Material: Cotton
- Pattern / Print / Theme: Solid
- Closure Type: Zip (side zipper)
- Gemstone: None
- Frame Material: None
- Lens Material: None
- Lens Type: None
- Occasion: Casual
- Colors: Coffee (brown)
- Sizes: S
- Age Group: None

Image Descriptions:
- Image 1: Front view of a sleeveless brown hoodie with a hood, showing the model's relaxed posture. The fabric appears smooth with a slight stretch.
- Image 2: Back view of the same hoodie, emphasizing the hood and the simple design without any prints or patterns.
- Image 3: Front view with the model in a dynamic pose, showcasing the fit of the garment.
- Image 4: Close-up of the side view where a zipper is visible, adding a distinct feature to the design.
- Image 5: Model adjusting the hoodie, which indicates an emphasis on comfort and casual style.",/amazon_fashion/B071XHDXNB.jpg,Mr.Zhang,46.22,상의
B007J3UWEA,Murano Glass Pink Lily Flower on Black and Gold Heart Necklace Pendant,"Fashion Vertical: Jewelry

Attributes:
- Main Category: Necklace
- Sub Category: Pendant Necklace
- Fit: N/A
- Sleeve Style: N/A
- Neck Style: N/A
- Material: Murano Glass, Rubber
- Pattern / Print / Theme: Floral
- Closure Type: Lobster clasp
- Gemstone: None
- Frame Material: N/A
- Lens Material: N/A
- Lens Type: N/A
- Occasion: Casual, Gift
- Colors: Pink, Green, Black, Gold
- Sizes: N/A
- Age Group: N/A

Image Descriptions:
- Image 1: A heart-shaped pendant made of Murano glass featuring a pink lily flower and green accents against a black background, with a shiny transparent top. The colors are vibrant with shades of pink and green.
- Image 2: Same heart-shaped pendant as in Image 1, showing a ruler for size reference, indicating it's about 1 inch wide with fine details of the glasswork visible.
- Image 3: Side view of the heart-shaped pendant showing intricate glass details and a ruler for size reference, indicating the thickness is also about 1 inch.
- Image 4: The necklace cord made of rubber with a silver-tone lobster clasp and an extension chain, designed for adjustable length.
- Image 5: Close-up of the clasp and chain detailing, showing the clasp mechanism and the adjustable chain links.",/amazon_fashion/B007J3UWEA.jpg,Bleek2Sheek,93.19,기타
B08V168C89,samsen 7 Round Cubic Zirconia Stainless Steel Flower Stud Earrings | Stud Earrings for Women,"Fashion Vertical: Jewelry

Attributes:
- Main Category: Earrings
- Sub Category: Stud Earrings
- Fit: N/A
- Sleeve Style: N/A
- Neck Style: N/A
- Material: Stainless Steel, Cubic Zirconia
- Pattern / Print / Theme: Floral
- Closure Type: N/A
- Gemstone: Cubic Zirconia
- Frame Material: N/A
- Lens Material: N/A
- Lens Type: N/A
- Occasion: Casual, Formal
- Colors: Silver, Clear
- Sizes: N/A
- Age Group: N/A

Image Descriptions:
- Image 1: Close-up of floral stud earrings featuring multiple clear cubic zirconia stones set in a stainless steel frame. The design resembles a flower and showcases the sparkling stones prominently.
- Image 2: Detailed product dimensions showing the size of the earrings (9.5mm flower size), with a measurement of other dimensions like post length (5mm) and post thickness (1mm).
- Image 3: Model wearing the earrings outdoors, highlighting the earrings on the model's ear, with a fashion-forward pose and soft background.
- Image 4: Model showcasing the earrings in a side profile, emphasizing the earrings' design against the backdrop of her soft, flowing hair.
- Image 5: Another angle of the same model wearing the earrings, with a focus on her facial features and soft makeup that enhances the earrings' appearance.
- Image 6: Model with a contemplative expression wearing the earrings, highlighting their elegance against her natural look.
- Image 7: Model gazing away, wearing the earrings, which complements her casual outfit and adds a touch of sparkle.
- Image 8: Earrings displayed in their packaging, beautifully presented in a brown box with the brand name ""samsen"" visible.",/amazon_fashion/B08V168C89.jpg,samsen,32.29,기타
B07JMB2VCC,"Aquatalia Judy Tumbled Calf Ankle Boot, Black, 9.5 M US","Fashion Vertical: Footwear

Attributes:
- Main Category: Boot
- Sub Category: Ankle Boot
- Fit: Regular
- Sleeve Style: N/A
- Neck Style: N/A
- Material: Leather
- Pattern / Print / Theme: Solid
- Closure Type: Zip
- Gemstone: None
- Frame Material: N/A
- Lens Material: N/A
- Lens Type: N/A
- Occasion: Casual
- Colors: Black
- Sizes: 9.5 M US
- Age Group: N/A

Image Descriptions:
- Image 1: Side view of a black leather ankle boot with a wedge heel, showcasing a smooth finish.
- Image 2: Front view highlighting the zip closure with a sleek rounded toe design.
- Image 3: Back view showing the zip closure and seamless design at the heel.
- Image 4: Bottom view revealing the sole design, with no visible branding.
- Image 5: Top view displaying the interior lining and general boot shape.
- Image 6: Another side view emphasizing the wedge heel and leather texture.
- Image 7: Perspective of both boots, highlighting symmetry and height of the wedge.",/amazon_fashion/B07JMB2VCC.jpg,Aquatalia,86.00,기타
B015TB0RZW,Double Zipper Hip Klip - Large with Elastic Loop - Dog Paw Black/White - Cotton,"Fashion Vertical: Accessories

Attributes:
- Main Category: Bag
- Sub Category: Hip Klip
- Fit: N/A
- Sleeve Style: N/A
- Neck Style: N/A
- Material: Cotton
- Pattern / Print / Theme: Animal print (Dog Paw, Snake)
- Closure Type: Zipper closure
- Gemstone: None
- Frame Material: N/A
- Lens Material: N/A
- Lens Type: N/A
- Occasion: Casual
- Colors: Black, White, Purple, Snake print
- Sizes: N/A
- Age Group: N/A

Image Descriptions:
- Image 1: Features a black bag with white paw prints. Includes two zipper compartments. Made of cotton material.
- Image 2: Displays a purple bag with two zipper compartments. Shows an elastic tab feature. Material is likely synthetic.
- Image 3: Shows a person wearing a patterned bag with a snake print design, attached at the waist. The bag also has a zipper compartment and a hook for attachment.",/amazon_fashion/B015TB0RZW.jpg,HipKlips,146.24,기타
B07PQ1D9TW,Miessial Women's Cute Floral Off Shoulder Flare Sleeve Mini Dress Summer Beach Boho Short Dress with Drawstring Blue 8,"Fashion Vertical: Women

Attributes:
- Main Category: Dress
- Sub Category: Mini Dress
- Fit: Regular
- Sleeve Style: Full-sleeve
- Neck Style: Off-shoulder
- Material: Polyester
- Pattern / Print / Theme: Floral
- Closure Type: Drawstring
- Gemstone: None
- Frame Material: None
- Lens Material: None
- Lens Type: None
- Occasion: Casual, Beach
- Colors: Blue, Pink, White
- Sizes: S, M, L
- Age Group: None

Image Descriptions:
- Image 1: Front view of the dress showcasing an off-shoulder style with puffed sleeves, floral pattern in blue and pink, made of lightweight material. 
- Image 2: Back view highlighting the elastic neckline and puffed sleeves, maintaining the floral design.
- Image 3: Side view emphasizing the drawstring detail around the waist for adjustable fit, with retained floral theme and full-sleeves.
- Image 4: Model wearing the dress on a beach, with the floral prints vibrant against a sandy backdrop, exemplifying a casual beach look.
- Image 5: Size chart showing measurement details for sizes S, M, and L, including bust, waist, hip, length, and sleeve measurements in CM and inches.",/amazon_fashion/B07PQ1D9TW.jpg,Miessial,156.35,원피스
B08HYSG4WC,Preschool Backpack for Kids Girls Toddler Backpack Kindergarten School Bookbags (Y0093 Rainbow Star-Pink),"Fashion Vertical: Kids

Attributes:
- Main Category: Backpack
- Sub Category: Preschool Backpack
- Fit: N/A
- Sleeve Style: N/A
- Neck Style: N/A
- Material: Nylon
- Pattern / Print / Theme: Rainbow Star
- Closure Type: Zipper
- Gemstone: None
- Frame Material: N/A
- Lens Material: N/A
- Lens Type: N/A
- Occasion: School
- Colors: Pink, Multicolor
- Sizes: 10.2 x 4.5 x 15.7 inches
- Age Group: Toddler

Image Descriptions:
- Image 1: A vibrant pink backpack with a rainbow star print, made of nylon material. It features a zipper closure. The dimensions are 10.2 x 4.5 x 15.7 inches.
- Image 2: Similar view showcasing the zipper and large star design on the pink surface, emphasizing its preschool theme.
- Image 3: Another angle displaying the backpack's side profile, highlighting its practical size for toddlers.
- Image 4: Close-up of the zipper mechanism and stitching along the seams, demonstrating durability.
- Image 5: Displays the bag in a school setting, emphasizing its suitability for kindergarten use.
- Image 6: Shows the backpack next to a toddler for size comparison, illustrating its appropriate scale.
- Image 7: Focus on the interior compartment showing space for school books and supplies.
- Image 8: Highlighting the padded straps for comfort, underscoring ergonomics for young users.",/amazon_fashion/B08HYSG4WC.jpg,CAMTOP,87.33,기타
B00D0ETI8S,YARUIE Bendy Snake Chains Flexible Necklace Bracelet Multicolor,"Fashion Vertical: Jewelry

Attributes:
- Main Category: Necklace
- Sub Category: Flexible Necklace
- Fit: N/A
- Sleeve Style: N/A
- Neck Style: N/A
- Material: Metal
- Pattern / Print / Theme: Multicolor
- Closure Type: N/A
- Gemstone: None
- Frame Material: N/A
- Lens Material: N/A
- Lens Type: N/A
- Occasion: Casual
- Colors: Silver, Gold, Black, Yellow
- Sizes: Not specified
- Age Group: N/A

Image Descriptions:
- Image 1: A flexible necklace displaying a wavy design with tones of silver, gold, and black. It appears to be made of metallic materials, with alternating colored sections.
- Image 2: A close-up view of the flexible necklace shows similar metallic tones with a wavy pattern. Prominent colors include silver and gold.
- Image 3: Another angle of the necklace highlighting the pattern and colors; the design remains consistent with alternating sections of metal tones.

Product Information:
{'main_category': 'AMAZON FASHION', 'title': 'YARUIE Bendy Snake Chains Flexible Necklace Bracelet Multicolor', 'average_rating': 4.4, 'rating_number': 13, 'features': array([], dtype=object), 'description': array([], dtype=object), 'price': nan, 'images': array([...]), 'store': 'KNOWAIR'}",/amazon_fashion/B00D0ETI8S.jpg,KNOWAIR,119.19,기타
B07J1TPDRH,Women's Retro Dresses Floral Casual Work Party Tea Swing Dress Black XXL,"Fashion Vertical: Women

Attributes:
- Main Category: Dress
- Sub Category: Swing Dress
- Fit: Regular
- Sleeve Style: Three-quarter sleeve
- Neck Style: V-neck
- Material: Polyester, Spandex
- Pattern / Print / Theme: Floral
- Closure Type: None
- Gemstone: None
- Frame Material: None
- Lens Material: None
- Lens Type: None
- Occasion: Casual, Party, Work
- Colors: Black, White, Grey
- Sizes: XXL
- Age Group: None

Image Descriptions:
- Image 1: A model wearing a black floral swing dress. The dress features a black top, three-quarter sleeves, and a flowing skirt with a floral print in white and grey. 
- Image 2: A front view of the same black floral swing dress with a fitted bodice and flared skirt. The floral print is consistent with Image 1.
- Image 3: A back view of the dress showing the fitted back and floral skirt. The smooth finish and flow of the skirt are visible.
- Image 4: A size chart showing measurements for S, M, L, XL, and 2XL in centimeters and inches, including bust, waist, shoulder, sleeve length, and overall length.",/amazon_fashion/B07J1TPDRH.jpg,Bloggerlove,46.36,원피스
B08FTG3MKK,"WDJ 6 Pack Triangle Bandanas with Ear Loops Face Cover Cooling Face Scarf Balaclava Neck Gaiters Neck Gators for Men Women Dust Wind Motorcycle Headwear, #01, One Size","Fashion Vertical: Unisex

Attributes:
- Main Category: Face Cover
- Sub Category: Bandana Scarf
- Fit: Regular
- Sleeve Style: None
- Neck Style: None
- Material: 100% Polyester
- Pattern / Print / Theme: Bandana
- Closure Type: Ear loops
- Gemstone: None
- Frame Material: None
- Lens Material: None
- Lens Type: None
- Occasion: Casual, Outdoor
- Colors: Black, Blue, Red
- Sizes: One Size
- Age Group: None

Image Descriptions:
- Image 1: Displays six bandana face covers in a variety of colors (black, blue, red), showcasing designs that feature intricate patterns typical of bandanas.
- Image 2: Features a blue bandana face cover, styled in a triangular shape with a detailed pattern on the fabric.
- Image 3: Presents a black bandana with a similar pattern, emphasizing the contrast with a solid black background.
- Image 4: Shows a bright blue bandana, detailed with white patterns, designed to cover the face and neck.
- Image 5: Displays a red bandana face cover featuring a vibrant design, suitable for casual wear.
- Image 6: Illustrates another red bandana but with a different intricate design, primarily focused on the central pattern.",/amazon_fashion/B08FTG3MKK.jpg,WDJ,18.16,기타
B01BM1LOEG,Alaska Novelty Socks Classic Bear Cotton Blend MENS 8-11,"Fashion Vertical: Men

Attributes:
- Main Category: Socks
- Sub Category: Novelty Socks
- Fit: Standard
- Sleeve Style: N/A
- Neck Style: N/A
- Material: Cotton Blend
- Pattern / Print / Theme: Animal print, Stripe
- Closure Type: N/A
- Gemstone: None
- Frame Material: N/A
- Lens Material: N/A
- Lens Type: N/A
- Occasion: Casual
- Colors: Navy, Yellow, Red, Green
- Sizes: MENS 8-11
- Age Group: N/A

Image Descriptions:
- Image 1: Features a pair of socks with a navy base color and bold graphics of bears and moose in yellow and dark blue. The design incorporates horizontal stripes in yellow and green. 
- Image 2: Close-up of the same pair of socks, emphasizing the bear and moose graphic design against a striped background, showcasing the vibrant colors of yellow, red, and navy.",/amazon_fashion/B01BM1LOEG.jpg,ACE,13.99,기타
B07YJZZSXS,Mirawise Big Girls Shirts Pink,"Fashion Vertical: Kids

Attributes:
- Main Category: Shirt
- Sub Category: Long Sleeve Top
- Fit: Regular
- Sleeve Style: Full-sleeve
- Neck Style: V-neck
- Material: Polyester
- Pattern / Print / Theme: Solid
- Closure Type: None
- Gemstone: None
- Frame Material: None
- Lens Material: None
- Lens Type: None
- Occasion: Casual
- Colors: Pink
- Sizes: Not specified
- Age Group: Child

Image Descriptions:
- Image 1: Front view of the shirt, showcasing a V-neck design and a twisted knot at the front. The material appears soft and is a solid pink color.
- Image 2: Back view of the shirt, features a clean, simple design in the same solid pink color. 
- Image 3: Close-up of the sleeve, revealing a plush interior lining and detailing of the fabric texture, again in pink.
- Image 4: Close-up of the fabric texture showing the soft and plush quality of the material, maintaining the pink color scheme.",/amazon_fashion/B07YJZZSXS.jpg,Mirawise,43.10,상의
B07PDR32RL,"Bigyonger Womens Boho Floral Print Dress Button Down Deep V Neck Ruffle Beach Mini Dresses (XX-Large, T-Red)","Fashion Vertical: Women

Attributes:
- Main Category: Dress
- Sub Category: Mini Dress
- Fit: Regular
- Sleeve Style: Short Sleeve
- Neck Style: Deep V-neck
- Material: Unknown (not specified)
- Pattern / Print / Theme: Floral
- Closure Type: Button
- Gemstone: None
- Frame Material: None
- Lens Material: None
- Lens Type: None
- Occasion: Casual
- Colors: Red, White (floral patterns)
- Sizes: XX-Large
- Age Group: None

Image Descriptions:
- Image 1: A woman wearing a red floral mini dress with a deep V-neck and ruffle sleeves. The dress features a cinched waist and tiered skirt. 
- Image 2: A side view of the same woman in the red dress, highlighting the fluttery sleeves and floral print. 
- Image 3: A back view showing the ruffle detailing and the fitted waist of the dress. 
- Image 4: A close-up of the dress's neckline and inner fabric, showing the two layers and stitching. 
- Image 5: A close-up of the dress fabric outside, showcasing the floral pattern and texture.",/amazon_fashion/B07PDR32RL.jpg,Bigyonger,125.27,원피스
B07SG2GT7C,Turquoise Bohemian Small Delicate Dangle Earrings No.891,"Fashion Vertical: Jewelry

Attributes:
- Main Category: Earrings
- Sub Category: Dangle Earrings
- Fit: N/A
- Sleeve Style: N/A
- Neck Style: N/A
- Material: Metal
- Pattern / Print / Theme: Solid
- Closure Type: N/A
- Gemstone: Turquoise
- Frame Material: N/A
- Lens Material: N/A
- Lens Type: N/A
- Occasion: Casual
- Colors: Turquoise, Silver
- Sizes: N/A
- Age Group: N/A

Image Descriptions:
- Image 1: A pair of turquoise dangle earrings featuring multiple turquoise stones arranged in a circular metal design, primarily silver in color.
- Image 2: An illustration of the earrings worn, showing their size and how they hang on the ear, emphasizing the turquoise stones and circular design.",/amazon_fashion/B07SG2GT7C.jpg,Wonderent,42.23,기타
B00COD3W4W,"Global Jewelry Titanium Pendant Necklace Couple Matching Set We Love Each Other Love Valentine, Packed with a Gift Box","Fashion Vertical: Jewelry

Attributes:
- Main Category: Necklace
- Sub Category: Pendant Necklace
- Fit: N/A
- Sleeve Style: N/A
- Neck Style: N/A
- Material: Titanium Steel
- Pattern / Print / Theme: N/A
- Closure Type: N/A
- Gemstone: None
- Frame Material: N/A
- Lens Material: N/A
- Lens Type: N/A
- Occasion: Casual
- Colors: Blue, Gold, Silver
- Sizes: N/A
- Age Group: N/A

Image Descriptions:
- Image 1: Features two pendant necklaces. One necklace has a blue wing-shaped pendant and the other has a gold wing-shaped pendant. Both are on silver chains.
- Image 2: Close-up of the blue wing pendant. Silver chain visible. 
- Image 3: Close-up of the gold wing pendant. Silver chain visible.
- Image 4: Diagram showing the material of both pendants as titanium steel and mentioning laser cutting and polishing technique.
- Image 5: Displays dimensions and weights of both pendants: Blue pendant is 22g, 31mm x 18mm; Gold pendant is 14g, 25mm x 14mm; Chain length is 55cm.",/amazon_fashion/B00COD3W4W.jpg,Jewelry,62.18,기타
B09DG5PK24,Arcweg Winter Beanie Hat for Men Women Thermal Cycling Hat Warm Fleece Running Hat for Runnning Skiing Hiking Cycling Yellow,"Fashion Vertical: Unisex

Attributes:
- Main Category: Hat
- Sub Category: Beanie
- Fit: Regular
- Sleeve Style: N/A
- Neck Style: N/A
- Material: Fleece
- Pattern / Print / Theme: Solid
- Closure Type: N/A
- Gemstone: None
- Frame Material: N/A
- Lens Material: N/A
- Lens Type: N/A
- Occasion: Casual, Sports
- Colors: Yellow, Black
- Sizes: One Size
- Age Group: N/A

Image Descriptions:
- Image 1: A black beanie hat made of fleece, featuring the brand name ""ARCWEG"" embroidered on the front.
- Image 2: An illustration showing warm air being retained inside the beanie, with the brand name ""ARCWEG"" prominently displayed.
- Image 3: A close-up of the fabric, demonstrating its breathable and lightweight qualities, with icons indicating breathability, lightweight, and sweat-wicking features.
- Image 4: A comparison showing the beanie worn with and without a cuff, highlighting its adjustable nature and stylish appearance.
- Image 5: A top view of the beanie's 6-panel design, illustrating its fashionable and comfortable fit.
- Image 6: An informational graphic detailing the beanie's size range for head circumference (53-62 cm), showing flexibility and stretch.
- Image 7: A lifestyle shot of two people in winter sports attire, one wearing the yellow version of the beanie, suggesting use in skiing or outdoor activities.",/amazon_fashion/B09DG5PK24.jpg,Arcweg,44.61,기타
B00K2DT31W,Tennessee State Flag Lapel Hat Tie Pin Tack,"Fashion Vertical: Accessories

Attributes:
- Main Category: Pin
- Sub Category: Lapel Pin
- Fit: N/A
- Sleeve Style: N/A
- Neck Style: N/A
- Material: Metal
- Pattern / Print / Theme: Tennessee State Flag
- Closure Type: Butterfly clasp
- Gemstone: None
- Frame Material: N/A
- Lens Material: N/A
- Lens Type: N/A
- Occasion: Casual
- Colors: Red, Blue, White
- Sizes: N/A
- Age Group: N/A

Image Descriptions:
- Image 1: The image shows a round lapel pin featuring the Tennessee state flag with a bold red background and a blue circle containing three white stars. The pin is framed with a rope-like design. The backside features a butterfly clasp for attachment.",/amazon_fashion/B00K2DT31W.jpg,Made On Terra,7.79,기타
B09GYD3HK3,Credit Card Clip for Long Nails 4 Pieces Cute Card Grabber keychain Plastic Atm Card Puller with Pom Pom Ball for Long Nails (Light Color),"Fashion Vertical: Accessories

Attributes:
- Main Category: Keychain
- Sub Category: Card Puller
- Fit: N/A
- Sleeve Style: N/A
- Neck Style: N/A
- Material: Plastic, Faux Fur
- Pattern / Print / Theme: Solid, Random Print
- Closure Type: Clip
- Gemstone: None
- Frame Material: N/A
- Lens Material: N/A
- Lens Type: N/A
- Occasion: Casual
- Colors: Pink, Blue, Purple, Brown, Glitter, Multicolor
- Sizes: N/A
- Age Group: Adult

Image Descriptions:
- Image 1: Features multiple keychains with faux fur pom poms in various colors (pink, blue, purple, and brown) and colorful acrylic straps. 
- Image 2: Displays a size chart showing dimensions for the keychain and pom pom (8 cm diameter for pom pom, 13 cm length for the keychain).
- Image 3: Highlights details of the pom pom and clip with labels for materials like faux rabbit fur and description of the acrylic body.
- Image 4: Shows usage of the credit card puller in an ATM, demonstrating its convenience for those with long nails.
- Image 5: Illustrates potential uses as a keychain and decoration, featuring pom poms and the card puller in various settings (on bags, with earphones, etc.).
- Image 6: Depicts users enjoying the product outdoors, showcasing style and usability with bags and sunny hats.
- Image 7: Presents a colorful arrangement of keychains with multicolor pom poms against a neutral backdrop.",/amazon_fashion/B09GYD3HK3.jpg,Sureio,9.77,기타
B01H0LOBM4,JJ Perfection Women's Round Neck Front Pleated Chiffon Cami Tank Top Grey 3XL,"Fashion Vertical: Women

Attributes:
- Main Category: Top
- Sub Category: Cami Tank Top
- Fit: Regular
- Sleeve Style: Spaghetti Strap
- Neck Style: Round neck
- Material: Chiffon
- Pattern / Print / Theme: Solid
- Closure Type: None
- Gemstone: None
- Frame Material: Not applicable
- Lens Material: Not applicable
- Lens Type: Not applicable
- Occasion: Casual
- Colors: Grey
- Sizes: 3XL
- Age Group: Not applicable

Image Descriptions:
- Image 1: A grey chiffon tank top with front pleats, featuring a round neck and spaghetti straps.
- Image 2: A side view of the same grey chiffon tank top, showing the pleat details and strap design.
- Image 3: A back view highlighting a keyhole cutout with a gold button closure.
- Image 4: A close-up of the front pleats, emphasizing the texture and flow of the fabric.
- Image 5: A close-up of the back keyhole cutout with the gold button detail clearly visible.",/amazon_fashion/B01H0LOBM4.jpg,JJ Perfection,44.50,상의
B07M7KVLQ7,LANG XUAN Turquoise Turtle Anklet Multiple Layered Boho Gold Handmade Tree of Life Charm Anklet for Women (Shell Crystal),"Fashion Vertical: Jewelry

Attributes:
- Main Category: Anklet
- Sub Category: Charm Anklet
- Fit: Adjustable
- Sleeve Style: N/A
- Neck Style: N/A
- Material: Metal
- Pattern / Print / Theme: Tropical, Ocean-themed
- Closure Type: Lobster Clasp
- Gemstone: None
- Frame Material: N/A
- Lens Material: N/A
- Lens Type: N/A
- Occasion: Casual, Beach
- Colors: Silver
- Sizes: Adjustable
- Age Group: N/A

Image Descriptions:
- Image 1: A charm anklet featuring various ocean-themed charms, including a turtle, starfish, and seahorse. It is silver and appears to have an adjustable chain.
- Image 2: Same anklet as Image 1 photographed on a sandy surface with the same ocean-themed charms visible. The design is consistent.
- Image 3: The anklet displayed on a bare foot, highlighting the anchors and ocean-themed charms. The foot is positioned on a sandy background.
- Image 4: The anklet shown on a denim-clad ankle, with a close-up visibility of the charms against the fabric. The photo captures the shininess of the silver metal against a textured backdrop.
- Image 5: A close-up of the anklet on a black surface with a sparkling background, showcasing the detail of the ocean-themed charms.",/amazon_fashion/B07M7KVLQ7.jpg,,11.87,기타
B00JJ70IQG,Hanes Men's Tagless Pocket Short-Sleeve T-Shirt White,"Fashion Vertical: Men

Attributes:
- Main Category: T-Shirt
- Sub Category: Short-Sleeve Pocket T-Shirt
- Fit: Regular
- Sleeve Style: Short-sleeve
- Neck Style: Crew neck
- Material: Cotton
- Pattern / Print / Theme: Solid
- Closure Type: None
- Gemstone: None
- Frame Material: None
- Lens Material: None
- Lens Type: None
- Occasion: Casual
- Colors: White
- Sizes: Not specified
- Age Group: Not applicable

Image Descriptions:
- Image 1: Model wearing a white, short-sleeve pocket T-shirt. The shirt has a simple and classic design with a pocket on the left chest area. The model is smiling and standing upright.
- Image 2: Back view of the model wearing the same white T-shirt, showcasing a clean and uninterrupted back design.
- Image 3: Side view of the model, highlighting the fit and cut of the T-shirt. The model appears confident with a slight smile.",/amazon_fashion/B00JJ70IQG.jpg,Hanes,29.33,상의
B07TWQ4WSR,"ililily Aviator Hat Winter Snowboard Fur Ear Flaps Trooper Trapper Pilot Goggles (One Size, Black Camo)","Fashion Vertical: Accessories

Attributes:
- Main Category: Hat
- Sub Category: Aviator Hat
- Fit: One Size
- Sleeve Style: N/A
- Neck Style: N/A
- Material: Faux Fur, Polyester
- Pattern / Print / Theme: Camo
- Closure Type: Hook and Loop
- Gemstone: None
- Frame Material: N/A
- Lens Material: Plastic
- Lens Type: N/A
- Occasion: Casual, Winter, Outdoor
- Colors: Black, Green, Grey
- Sizes: One Size
- Age Group: N/A

Image Descriptions:
- Image 1: A camo-patterned aviator hat featuring faux fur ear flaps and built-in goggles. The base color is primarily black with green accents. The hat has a shiny, metallic frame around the goggles.
- Image 2: Similar view of the hat showcasing the fur details and goggles at the front. It retains the camo pattern and overall design with an emphasis on the goggles and fur.
- Image 3: Side view of the aviator hat, highlighting the structure and faux fur lining along the edges. The camo print is visible, and details about the button closure can be observed.
- Image 4: Another perspective of the hat featuring the fur around the face and the goggles. This image emphasizes the pattern and texture of the materials used.",/amazon_fashion/B07TWQ4WSR.jpg,ililily,41.59,기타
B07LGRXQMM,BALEAF Women's Running Shirts Workout Short Sleeve Quick Dry Tops Round Neck Black L,"Fashion Vertical: Women

Attributes:
- Main Category: Shirt
- Sub Category: Workout Short Sleeve
- Fit: Regular
- Sleeve Style: Short Sleeve
- Neck Style: Round Neck
- Material: Polyester
- Pattern / Print / Theme: Solid
- Closure Type: None
- Gemstone: None
- Frame Material: None
- Lens Material: None
- Lens Type: None
- Occasion: Sports
- Colors: Black
- Sizes: L
- Age Group: None

Image Descriptions:
- Image 1: A woman wearing a black workout shirt with a round neck and short sleeves. The shirt has a logo on the upper left. The fabric appears lightweight and fitted, suitable for exercise. 
- Image 2: Another angle of the same black shirt with the woman posing, highlighting the fit and the logo. The overall look is sporty and functional. 
- Image 3: A frontal view showcasing the shirt's design, fit, and color, maintaining the solid black appearance. 
- Image 4: A view from the back, emphasizing the shirt’s simple design. The model's hair is tied back, showcasing the flat seams and sleek effect of the fabric at the back. 
- Image 5: A detailed view of the fabric's texture, emphasizing its soft, sweat-wicking properties. It also features a size chart for fitting guidance.",/amazon_fashion/B07LGRXQMM.jpg,BALEAF,31.25,상의
B07PF7PMP3,"Women's Summer Ankle Strap Buckle Low Wedge Platform Heel Sandals Fashion Design Pump Shoes (US:9, Brown)","Fashion Vertical: Footwear

Attributes:
- Main Category: Sandals
- Sub Category: Wedge Sandals
- Fit: Regular
- Sleeve Style: N/A
- Neck Style: N/A
- Material: Synthetic Suede
- Pattern / Print / Theme: Solid
- Closure Type: Buckle
- Gemstone: None
- Frame Material: N/A
- Lens Material: N/A
- Lens Type: N/A
- Occasion: Casual
- Colors: Brown
- Sizes: US:9
- Age Group: N/A

Image Descriptions:
- Image 1: Features a brown wedge sandal with a minimalistic design. The straps are made from a synthetic suede material, featuring an ankle strap with a buckle closure. The style is casual and perfect for summer wear.
- Image 2: N/A (only one image provided)

Product Information:
{'main_category': 'AMAZON FASHION', 'title': ""Women's Summer Ankle Strap Buckle Low Wedge Platform Heel Sandals Fashion Design Pump Shoes (US:9, Brown)"", 'average_rating': 5.0, 'rating_number': 1, 'price': 16.28, 'store': 'Womens Sandals Hechun'}",/amazon_fashion/B07PF7PMP3.jpg,Womens Sandals Hechun,16.28,기타
B00CBJEOOG,Reebok Mens Athletic Pants 3RSMP471 XX-Large Navy,"Fashion Vertical: Men

Attributes:
- Main Category: Pants
- Sub Category: Athletic Pants
- Fit: Regular
- Sleeve Style: N/A
- Neck Style: N/A
- Material: Polyester
- Pattern / Print / Theme: Solid
- Closure Type: Elastic waistband
- Gemstone: None
- Frame Material: N/A
- Lens Material: N/A
- Lens Type: N/A
- Occasion: Casual, Sports
- Colors: Navy
- Sizes: XXL

Image Descriptions:
- Image 1: The pants are navy in color with a regular fit, featuring a solid pattern. The waistband is elastic, providing comfort and flexibility. There are white stripes on the sides, enhancing the athletic look.
- Image 2: (Not provided, only one image available)",/amazon_fashion/B00CBJEOOG.jpg,Reebok,112.82,하의
B007I35DZY,Pewter Talisman Secret Seal of Solomon Pentacle Pendant - 1.25 Inch Diameter,"Fashion Vertical: Jewelry

Attributes:
- Main Category: Pendant
- Sub Category: Talisman Pendant
- Fit: Adjustable
- Sleeve Style: None
- Neck Style: None
- Material: Pewter, Cord
- Pattern / Print / Theme: Engraved symbol
- Closure Type: Adjustable knot
- Gemstone: None
- Frame Material: None
- Lens Material: None
- Lens Type: None
- Occasion: Casual, Spiritual
- Colors: Silver
- Sizes: 1.25 inch diameter cord length (30 inches)

Image Descriptions:
- Image 1: A close-up of the pendant featuring intricate engravings of an alchemical symbol in silver pewter, approximately 1.25 inches in diameter. It has a mystical and intricate design with various shapes and symbols.
- Image 2: A detailed view of the adjustable black cord with laminated ends, showcasing a smooth texture and pewter accent beads. It features an adjustable knot for customization.",/amazon_fashion/B007I35DZY.jpg,Pepi,19.99,기타
B07R119ZWD,"JAN & JUL Kids Water-Proof Fleece-Lined Rain Pants (Yellow, 5T)","Fashion Vertical: Kids

Attributes:
- Main Category: Pants
- Sub Category: Rain Pants
- Fit: Regular
- Sleeve Style: N/A
- Neck Style: N/A
- Material: Waterproof Fabric, Fleece Lining
- Pattern / Print / Theme: Solid
- Closure Type: Drawstring
- Gemstone: None
- Frame Material: N/A
- Lens Material: N/A
- Lens Type: N/A
- Occasion: Casual, Outdoor
- Colors: Yellow, Pink, Green, Blue
- Sizes: 5T
- Age Group: Toddler

Image Descriptions:
- Image 1: Yellow rain pants featuring a drawstring waist. The fabric appears smooth and waterproof, with a cuff at the ankle. 
- Image 2: Pink rain pants paired with a white top on a child. Features an elastic waistband and an adjustable drawstring for a snug fit.
- Image 3: Green fleece-lined rain pants worn by a child in a snowy outdoor setting, highlighting their waterproof and breathable qualities.
- Image 4: Yellow pants are rolled up and compact for storage, showcasing their portability for easy carrying in a school bag.
- Image 5: A child wearing the yellow rain pants while playing in the snow, paired with a colorful winter jacket, illustrating the pants in an active, outdoor context.
- Image 6: Size chart for kids, displaying various sizes and corresponding measurements from age to height and chest dimensions.",/amazon_fashion/B07R119ZWD.jpg,JAN & JUL,96.62,하의
B08Q4HKGPN,"CAROLE HOCHMAN Seamless Comfort Bra Wire Free Molded Cups Comfort Straps (2 Pack) (Sand Dollar/Black, X-Large)","Fashion Vertical: Women

Attributes:
- Main Category: Bra
- Sub Category: Comfort Bra
- Fit: Regular
- Sleeve Style: None
- Neck Style: V-neck
- Material: Not specified
- Pattern / Print / Theme: Solid
- Closure Type: Hook and Eye
- Gemstone: None
- Frame Material: None
- Lens Material: None
- Lens Type: None
- Occasion: Casual
- Colors: Black, Sand Dollar
- Sizes: X-Large
- Age Group: None

Image Descriptions:
- Image 1: Front view of a black seamless comfort bra with molded cups and wide comfort straps. Solid black color, smooth texture.
- Image 2: Back view of the same black bra showing the hook and eye closure with adjustable straps. Solid black color.
- Image 3: Front view of a sand dollar (beige) seamless comfort bra with molded cups and comfort straps. Solid beige color, smooth texture.
- Image 4: Back view of the sand dollar bra showing the adjustable straps and hook and eye closure. Solid beige color.",/amazon_fashion/B08Q4HKGPN.jpg,Carole Hochman,49.99,상의
B07ZT9HR23,HeLov Open Front Split Sleeve Cape Blazer Women Jackets Long Sleeve Plain Cardigan,"Fashion Vertical: Women

Attributes:
- Main Category: Jacket
- Sub Category: Blazer
- Fit: Regular
- Sleeve Style: Cap sleeve
- Neck Style: Open front
- Material: Not specified
- Pattern / Print / Theme: Solid
- Closure Type: None
- Gemstone: None
- Frame Material: None
- Lens Material: None
- Lens Type: None
- Occasion: Casual
- Colors: White
- Sizes: S, M, L, XL
- Age Group: None

Image Descriptions:
- Image 1: A woman wearing a white open front cape blazer over a white top and shorts. The blazer has a cape style and is unstructured. Accessories include a long gold necklace with a tassel, large round sunglasses, and earrings. 
- Image 2: Similar view as the first image, showcasing the front view of the blazer with the woman posing confidently. The outfit remains the same, emphasizing the business-casual look. 
- Image 3: Displays the back of the blazer, highlighting its cape style. The same outfit is worn, showcasing the simplicity and elegance of the design. 
- Image 4: A size chart showing measurements in both centimeters and inches for S, M, L, and XL sizes, providing detailed fit information for shoppers.
- Image 5: The product is packaged in clear plastic with the brand name ""HeLov"" visible, indicating how the item is shipped.",/amazon_fashion/B07ZT9HR23.jpg,HeLov,44.68,아우터
B07C72ZYPN,"Ideology Plus Size Outdoor Living T-Shirt, 1X","Fashion Vertical: Women

Attributes:
- Main Category: T-Shirt
- Sub Category: Casual T-Shirt
- Fit: Regular
- Sleeve Style: Short sleeve
- Neck Style: Round neck
- Material: 100% Polyester
- Pattern / Print / Theme: Graphic (Text)
- Closure Type: Pull On
- Gemstone: None
- Frame & Lens Materials: None
- Lens Material: None
- Lens Type: None
- Occasion: Casual
- Colors: Olive green
- Sizes: 1X

Image Descriptions:
- Image 1: A woman wearing a casual olive green T-shirt featuring the text ""STRONG AND FEARLESS"" in a black graphic print. The shirt has a regular fit and short sleeves. The fabric appears soft, made from polyester, suitable for casual wear.

Product Information:
{
    'main_category': 'AMAZON FASHION',
    'title': 'Ideology Plus Size Outdoor Living T-Shirt, 1X',
    'average_rating': 5.0,
    'rating_number': 1,
    'features': ['100% Polyester', 'Pull On closure'],
    'description': [],
    'price': 14.94,
    'images': [
        {
            'thumb': 'https://m.media-amazon.com/images/I/418hP01O8YL._AC_SR38,50_.jpg',
            'large': 'https://m.media-amazon.com/images/I/418hP01O8YL._AC_.jpg',
            'variant': 'MAIN',
            'hi_res': 'https://m.media-amazon.com/images/I/51Dw++MSSeL._AC_UL1001_.jpg'
        }
    ]
}",/amazon_fashion/B07C72ZYPN.jpg,"Ideology Plus Size Outdoor Living T-Shirt,",14.94,상의
B088DB9X69,LianSan Acetate Anti Blue Readers Blue Light Blocking Computer Reading Glasses with Spring Hinge 8050,"ERROR: Error code: 400 - {'error': {'message': 'Timeout while downloading https://m.media-amazon.com/images/I/419pQY-ShTL._AC_.jpg.', 'type': 'invalid_request_error', 'param': 'url', 'code': 'invalid_value'}}",/amazon_fashion/B088DB9X69.jpg,LianSan,81.74,아우터
B07JVMV7P7,Volcom Men's Full Frontal Cheese 5 Panel Trucker Hat,"Fashion Vertical: Accessories

Attributes:
- Main Category: Hat
- Sub Category: Trucker Hat
- Fit: Adjustable
- Sleeve Style: N/A
- Neck Style: N/A
- Material: 100% Polyester
- Pattern / Print / Theme: Solid
- Closure Type: Snap closure
- Gemstone: None
- Frame Material: N/A
- Lens Material: N/A
- Lens Type: N/A
- Occasion: Casual
- Colors: Olive Green, White
- Sizes: One Size Fits Most
- Age Group: N/A

Image Descriptions:
- Image 1: Front view of the olive green trucker hat featuring a white logo in the center. The visor is flat and the material appears smooth.
- Image 2: Back view of the olive green trucker hat showcasing the mesh design and adjustable snap closure. The inside shows a tag indicating the brand 'Volcom.'
- Image 3: Top view of the hat highlighting the mesh construction, inner lining, and adjustable strap. The color tones are consistent with olive and black accents.",/amazon_fashion/B07JVMV7P7.jpg,Volcom,33.19,기타
B07DB5342W,Womens Casual Polka Dot Print Long Roll Sleeve Button Down Shirts Blouse Tops Size XL(US 6-8) (Blue),"Fashion Vertical: Women

Attributes:
- Main Category: Shirt
- Sub Category: Blouse
- Fit: Regular
- Sleeve Style: Full-sleeve
- Neck Style: Collared
- Material: Cotton
- Pattern / Print / Theme: Polka Dot
- Closure Type: Button Down
- Gemstone: None
- Frame Material: None
- Lens Material: None
- Lens Type: None
- Occasion: Casual
- Colors: Blue, White, Dark Blue
- Sizes: XL (US 6-8)
- Age Group: None

Image Descriptions:
- Image 1: A casual blue blouse featuring a polka dot print in white and dark blue. The material appears soft with a slightly loose fit. It has a collared neckline, full sleeves rolled up, and a button-down front. The model is accessorized with a long necklace. The dimensions are not specified but the overall fit appears relaxed. 
- Image 2: The second image is not provided, but generally would showcase more angles or details of the blouse, focusing on its design and fit.",/amazon_fashion/B07DB5342W.jpg,MNLYBABY,43.07,상의
B09JVTFZQT,"Ducklingup Baby Girl Christmas Clothes Set Long Sleeve Santa Claus Patterns Tops+Bell-Bottoms Pants Autumn/Winter Outfits 2Pcs (green, 12-18 Months)","Fashion Vertical: Kids

Attributes:
- Main Category: Outfit
- Sub Category: 2-Piece Set
- Fit: Regular
- Sleeve Style: Bell Sleeve
- Neck Style: Round Neck
- Material: Cotton
- Pattern / Print / Theme: Chevron, Santa
- Closure Type: None
- Gemstone: None
- Frame Material: None
- Lens Material: None
- Lens Type: None
- Occasion: Casual, Christmas
- Colors: Green, Red, Black, White
- Sizes: 12-18 Months
- Age Group: Infant

Image Descriptions:
- Image 1: Features a two-piece outfit with a green and white chevron pattern top, adorned with a Santa Claus graphic. It has bell sleeves with red polka-dot ruffles and is paired with solid black pants. The outfit is festive and perfect for Christmas.
- Image 2: The same two-piece set from a different angle, showcasing the green chevron pattern with a black background. The ruffles at the sleeves are highlighted, along with the decorated hem of the pants.
- Image 3: Displays the outfit from another perspective, emphasizing the ruffles and the overall design. The colors remain consistent, with details of the outfit's festive features visible.
- Image 4: A close-up shot of the sleeve's ruffle detail, featuring a red polka-dot pattern that adds a playful touch.
- Image 5: Another close-up focusing on the hem of the top, showing the green and red layering, with the Santa graphic prominently featured.
- Image 6: Highlights the neck area of the shirt, showcasing the round neckline and its polka-dot detailing.
- Image 7: A detailed view of the pants showing the ruffle cuffs that continue the chevron pattern with red bows, complementing the festive theme.
- Image 8: An overall shot that captures the complete outfit laid out, surrounded by decorative elements that enhance the Christmas vibe.",/amazon_fashion/B09JVTFZQT.jpg,Ducklingup,134.77,원피스
B01BYTDLT2,"Royal White Poly Pro Lab Coats, Extra Large, Package of 30","Fashion Vertical: Men

Attributes:
- Main Category: Lab Coat
- Sub Category: Poly Pro Lab Coat
- Fit: Regular
- Sleeve Style: Full-sleeve
- Neck Style: Collared
- Material: Polyester
- Pattern / Print / Theme: Solid
- Closure Type: Zip
- Gemstone: None
- Frame Material: None
- Lens Material: None
- Lens Type: None
- Occasion: Casual, Professional
- Colors: White
- Sizes: XL

Image Descriptions:
- Image 1: The lab coat is white, made from a lightweight material, featuring a collared neck and full sleeves. It has a front zip closure and is styled to reach the knee level, showcasing a simple and professional look.
- Image 2: This image is identical to the first, displaying the same white lab coat with the same features as described. 

Product Information:
{'main_category': 'AMAZON FASHION', 'title': 'Royal White Poly Pro Lab Coats, Extra Large, Package of 30', 'average_rating': 2.5, 'rating_number': 4, 'features': array(['Hand Wash Only'], dtype=object), 'description': array([], dtype=object), 'price': nan, 'images': array([{'thumb': 'https://m.media-amazon.com/images/I/41nqp-nRcFL._AC_SR38,50_.jpg', 'large': 'https://m.media-amazon.com/images/I/41nqp-nRcFL._AC_.jpg', 'variant': 'MAIN', 'hi_res': None},
       {'thumb': 'https://m.media-amazon.com/images/I/41nqp-nRcFL._AC_SR38,50_.jpg', 'large': 'https://m.media-amazon.com/images/I/41nqp-nRcFL._AC_.jpg', 'variant': 'PT01', 'hi_res': None}],
      dtype=object), 'videos': array([], dtype=object), 'store': 'Royal', 'categories': array([], dtype=object), 'details': {'Item model number': None, 'Date First Available': 'March 19, 2017', 'Is Discontinued By Manufacturer': 'No', 'Product Dimensions': '12 x 12 x 10 inches; 5 Pounds', 'Package Dimensions': None, 'Department': None, 'Theme': None, 'Team Name': None, 'Closure Type': None, 'Brand': None, 'Item Dimensions LxWxH': None, 'Color': None, 'Material': None, 'Pattern': None, 'Age Range (Description)': None, 'Manufacturer recommended age': None, 'Manufacturer': None, 'Hand Orientation': None, 'Item Package Quantity': None, 'Style': None, 'Item Weight': None, 'Size': None, 'Number of Items': None, 'Unit Count': None, 'Occasion': None, 'Collection Name': None, 'Chain Type': None, 'Reusability': None, 'Brand Name': None, 'Part Number': None, 'Sport Type': None, 'Special Feature': None, 'Product Care Instructions': None, 'Country of Origin': None, 'Shape': None, 'Clasp Type': None, 'Batteries': None, 'Metal Type': None, 'UPC': None, 'Number of settings': None, 'Band Color': None, 'Band Material Type': None, 'Band Size': None, 'Metal Stamp': None, 'Lens Coating Description': None, 'Lens Material': None, 'Fastener Type': None, 'Target Audience': None, 'Frame Material': None, 'Other display features': None, 'Item Length': None, 'Recommended Uses For Product': None, 'Target Species': None, 'Breed Recommendation': None, 'Blanket Form': None, 'Hair Type': None, 'Vehicle Service Type': None, 'Form Factor': None, 'Compatible Phone Models': None, 'Screen Size': None, 'Stone Color': None, 'Primary Stone Gem Type': None, 'Item Diameter': None, 'Number of pieces': None, 'Lens Color': None, 'Manufacturer Part Number': None, 'Fabric Type': None, 'Band Width': None, 'Number of Labels': None, 'Item Package Dimensions L x W x H': None, 'Package Weight': None, 'Item Dimensions  LxWxH': None, 'Suggested Users': None, 'League': None, 'Wireless network technology': None, 'Biometric Security Feature': None, 'Included Components': None, 'Other camera features': None, 'Battery Description': None, 'Batteries required': None, 'Fit Type': None, 'Number Of Pieces': None, 'Batteries Included?': None, 'Batteries Required?': None, 'Filter Class': None, 'Handle Material': None, 'Room Type': None, 'Model Year': None, 'Shaft Material': None, 'Extended Length': None, 'Blade Material': None, 'Wall Art Form': None, 'Frame Type': None, 'Compatible Devices': None, 'Closure': None, 'Material Type': None, 'Exterior': None, 'ABPA Partslink Number': None, 'Mirror Adjustment': None, 'Use for': None, 'Number of Pieces': None, 'Strap Type': None, 'Capacity': None, 'Total Diamond Weight': None, 'Stone Weight': None, 'Warranty Description': None, 'Model Name': None, 'Insole Type': None, 'Units': None, 'Capacity Total': None, 'Outer Material': None, 'Arch Type': None, 'Inner Material': None, 'Water Resistance Level': None, 'Number of Sets': None, 'Item Form': None, 'Mounting Type': None, 'Seasons': None, 'Ultraviolet Light Protection': None, 'Plant or Animal Product Type': None, 'Package Information': None, 'Controller Type': None, 'Language': None, 'Power Source': None, 'Wattage': None, 'Chain Length': None, 'Connectivity Technology': None, 'Printing Technology': None, 'Printer Output': None, 'Maximum Print Speed (Color)': None, 'Max Printspeed Monochrome': None, 'Grip Type': None, 'Installation Type': None, 'Sleeve Type': None, 'Size Map': None, 'Finish Type': None, 'Shell Type': None, 'Refill': None, 'Tick-repellent material': None, 'Import': None, 'Waist (cm)': None, 'Cartoon Character': None, 'Is Stain Resistant': None, 'Compatible Material': None, 'Assembly Required': None, 'Opening Mechanism': None, 'Gauge': None, 'Item Volume': None, 'Light Source Type': None, 'Shade Color': None, 'Shade Material': None, 'Pocket Description': None, 'Band Length': None, 'Measurement Type': None, 'Number of Compartments': None, 'Scent': None, 'Material Feature': None, 'Special Features': None, 'Display Type': None, 'Are Batteries Included': None, 'Watch Movement': None, 'Dial Color': None, 'Connector Type': None, 'Cable Type': None, 'Auto Part Position': None, 'Operation Mode': None, 'Case Material': None, 'Maximum Weight Recommendation': None, 'Color Name': None, 'Stone Cut': None, 'Lock Type': None, 'Wheel Material': None, 'Sole Material': None, 'Floor Area': None, 'Domestic Shipping': None, 'International Shipping': None, 'Gem Type': None, 'Seat Material Type': None, 'Auto Shutoff': None, 'Corner Style': None, 'Product Benefits': None, 'Wallet compartment type': None, 'Finish types': None, 'Is Dishwasher Safe': None, 'Label': None, 'Embellishment': None, 'Flavor': None, 'Surface Recommendation': None, 'Towel form type': None, 'Genre': None, 'Number of Players': None, 'Minimum Age Recomendation': None, 'Specific Uses For Product': None, 'Human Interface Input': None, 'Total USB Ports': None, 'Specification Met': None, 'Main Power Connector Type': None, 'Skill Level': None, 'Surface Recommendation Wall': None, '': None, 'Head Style': None, 'Number Of Pockets': None, 'Care instructions': None, 'National Stock Number': None, 'Battery Capacity': None, 'Sheet Size': None, 'Brightness': None, 'Paper Weight': None, 'Surface Recommendation Plastic': None, 'Occupancy': None, 'Fill Material': None, 'Incontinence Protector Type': None, 'Chest Size': None, 'Fill Material Type': None, 'Item Firmness Description': None, 'Base Type': None, 'Best Sellers Rank': None, 'Total gem weight': None, 'Is Customizable': None, 'Cover Material': None, 'Ink Color': None, 'Material Aluminum': None, 'Furniture Finish': None, 'Material Cotton': None, 'Shelf Type Hanging Shelf': None, 'Number of Hooks': None, 'Material Type Free': None, 'Fuel Type': None, 'Noise Attenuation': None, 'Map Type': None, 'Paper Finish': None, 'Weight Limit': None, 'With Lid': None, 'Unit Grouping': None, 'Total Eaches': None, 'Exterior Finish': None, 'Orientation': None, 'Thickness': None, 'Assembled Height': None, 'Assembled Width': None, 'Assembled Depth': None, 'Weight': None, 'Year': None, 'Shape Round': None, 'Fastener Material': None, 'Our Recommended age': None, 'Maximum Height': None, 'Mounting Type Insert Mount': None, 'Life Vest Type': None, 'Display Style': None, 'Skin Type': None, 'Screen Surface Description': None, 'Material Ceramic': None, 'Age Range Description': None, 'Extension Length': None, 'Perfume': None, 'Installation Type Peel': None, 'Alarm Clock': None, 'Sheet Count': None, 'Insulation Material': None, 'Chamber Height': None, 'Maximum Height Recommendation': None, 'Material Polyester': None, 'Material Glass': None, 'Load Capacity': None, 'Capacity 10.3 Ounces': None, 'Material Vinyl': None, 'Shape Irregular': None, 'Assembly required': None, 'Number of Keys': None, 'Number of Buttons': None, 'Ply Rating': None, 'Material Acrylic': None, 'Capacitance': None, 'Platform': None, 'Liquid Volume': None, 'Model': None, 'Target gender': None, 'material_composition': None, 'Pile Height': None, 'Construction Type': None, 'Back Material Type': None, 'Magnification Strength': None, 'Top Style': None, 'Capacity 11 Ounces': None, 'Voltage': None, 'Is framed?': None, 'Number of Drawers': None, 'Paint Type': None, 'Color Code': None, 'Material Stainless Steel': None, 'Control Type': None, 'Media Type': None, 'Maximum Range': None, 'Battery Cell Composition': None, 'Whats in the box': None, 'Stone treatment method': None, 'Head Type': None, 'Thread Type': None, 'Glove Type': None, 'Warranty Type': None, 'Coverage': None, 'Pillow Type': None, 'Insole Material': None, 'Height Map': None, 'Control Method': None, 'Indoor/Outdoor Usage': None, 'Bottom Shape': None, 'Special features': None, 'Water Resistance Depth': None, 'Surface Recommendation Window': None, 'UV protection': None, 'Package Type': None, 'Shaft Height': None, 'Additional product features': None, 'Number Of Items': None, 'Is portable': None, 'Temperature Rating': None, 'Number of Dividers': None, 'Input Voltage': None, 'Material Metal': None, 'ASTM Fluid Rating': None, 'Controller Type Button Control': None, 'Packaging': None, 'Point Type': None, 'Mounting Type Tabletop Mount': None, 'Charging Time': None, 'Capacity 11 Fluid Ounces, 15 Ounces': None, 'Stone Width': None, 'Stone Length': None, 'Lamp Type': None, 'Specialty': None, 'Top Material Type': None, 'Golf Club Flex': None, 'Rug Form Type': None, 'Assembled Length': None, 'Material Metal, Steel': None, 'Stone Clarity': None, 'Material Plastic': None, 'Occasion Birthday': None, 'Format': None, 'Number of Light Sources': None, 'Handle Type': None, 'Is Waterproof': None, 'Mounting Type Window Mount': None, 'Neck Size': None, 'Material other': None, 'Country/Region of origin': None, 'Grit Number': None, 'Part number': None, 'Number of Batteries': None, 'Surface Recommendation nail': None, 'Wheel Type': None, 'Number Of Discs': None, 'Design': None, 'Connector Gender': None, 'Capacity 16 Fluid Ounces': None, 'Surface Recommendation Window, Wall': None, 'Neck Style': None, 'Shirt form type': None, 'Collar Style': None, 'Lifestyle': None, 'Import Designation': None, 'Bowl Material': None, 'Back Style': None, 'Pages': None, 'Stone Shape': None, 'Bike Type': None, 'Number of Speeds': None, 'Suspension Type': None, 'Brake Style': None, 'Reading Interest (Min. Age)': None, 'Reading Interest (Max. Age)': None, 'Chamber Width': None, 'Hardware Platform': None, 'Max Input Sheet Capacity': None, 'Material Alloy Steel': None, 'Material Polyvinyl Chloride': None, 'Material Other': None, 'Air Gun Power Type': None, 'Material Weather Resistant Fabric and Plastic': None, 'Duration': None, 'Material Stoneware': None, 'Occasion Travel': None}",/amazon_fashion/B01BYTDLT2.jpg,Royal,47.16,아우터
B06XQLWD4H,"Black Womens Graphic T Shirts Short Sleeve - Adult Unicorn Tshirt |Standing Unicorn, RE7","Fashion Vertical: Women

Attributes:
- Main Category: T-shirt
- Sub Category: Graphic T-shirt
- Fit: Regular
- Sleeve Style: Short sleeve
- Neck Style: Round neck
- Material: Cotton (assumed)
- Pattern / Print / Theme: Graphic, Unicorn
- Closure Type: None
- Gemstone: None
- Frame Material: None
- Lens Material: None
- Lens Type: None
- Occasion: Casual
- Colors: Black, White, Various colors (in graphic)
- Sizes: Not specified
- Age Group: Adult

Image Descriptions:
- Image 1: A black graphic T-shirt featuring a unicorn design, depicted in white with a rainbow tail among colorful stars and flowers. The shirt is styled casually, paired with shorts and converse sneakers.
- Image 2: Not available.

Product Information:
{'main_category': 'AMAZON FASHION', 'title': 'Black Womens Graphic T Shirts Short Sleeve - Adult Unicorn Tshirt |Standing Unicorn, RE7', 'average_rating': 4.5, 'rating_number': 3, 'features': array([], dtype=object), 'description': array([], dtype=object), 'price': nan, 'images': array([{'thumb': 'https://m.media-amazon.com/images/I/411r4SggQ5L._AC_SR38,50_.jpg', 'large': 'https://m.media-amazon.com/images/I/411r4SggQ5L._AC_.jpg', 'variant': 'MAIN', 'hi_res': 'https://m.media-amazon.com/images/I/81SZsK39+GL._AC_UL1500_.jpg'}], dtype=object), 'videos': array([], dtype=object), 'store': 'Decrum', 'categories': array([], dtype=object), 'details': {'Item model number': '7841329', 'Date First Available': 'June 2, 2017', 'Is Discontinued By Manufacturer': 'No', 'Product Dimensions': None, 'Package Dimensions': '10 x 7.99 x 0.51 inches; 3.21 Ounces', 'Department': None, 'Theme': None, 'Team Name': None, 'Closure Type': None, 'Brand': None, 'Item Dimensions LxWxH': None, 'Color': None, 'Material': None, 'Pattern': None, 'Age Range (Description)': None, 'Manufacturer recommended age': None, 'Manufacturer': None, 'Hand Orientation': None, 'Item Package Quantity': None, 'Style': None, 'Item Weight': None, 'Size': None, 'Number of Items': None, 'Unit Count': None, 'Occasion': None, 'Collection Name': None, 'Chain Type': None, 'Reusability': None, 'Brand Name': None, 'Part Number': None, 'Sport Type': None, 'Special Feature': None, 'Product Care Instructions': None, 'Country of Origin': None, 'Shape': None, 'Clasp Type': None, 'Batteries': None, 'Metal Type': None, 'UPC': None, 'Number of settings': None, 'Band Color': None, 'Band Material Type': None, 'Band Size': None, 'Metal Stamp': None, 'Lens Coating Description': None, 'Lens Material': None, 'Fastener Type': None, 'Target Audience': None, 'Frame Material': None, 'Other display features': None, 'Item Length': None, 'Recommended Uses For Product': None, 'Target Species': None, 'Breed Recommendation': None, 'Blanket Form': None, 'Hair Type': None, 'Vehicle Service Type': None, 'Form Factor': None, 'Compatible Phone Models': None, 'Screen Size': None, 'Stone Color': None, 'Primary Stone Gem Type': None, 'Item Diameter': None, 'Number of pieces': None, 'Lens Color': None, 'Manufacturer Part Number': None, 'Fabric Type': None, 'Band Width': None, 'Number of Labels': None, 'Item Package Dimensions L x W x H': None, 'Package Weight': None, 'Item Dimensions  LxWxH': None, 'Suggested Users': None, 'League': None, 'Wireless network technology': None, 'Biometric Security Feature': None, 'Included Components': None, 'Other camera features': None, 'Battery Description': None, 'Batteries required': None, 'Fit Type': None, 'Number Of Pieces': None, 'Batteries Included?': None, 'Batteries Required?': None, 'Filter Class': None, 'Handle Material': None, 'Room Type': None, 'Model Year': None, 'Shaft Material': None, 'Extended Length': None, 'Blade Material': None, 'Wall Art Form': None, 'Frame Type': None, 'Compatible Devices': None, 'Closure': None, 'Material Type': None, 'Exterior': None, 'ABPA Partslink Number': None, 'Mirror Adjustment': None, 'Use for': None, 'Number of Pieces': None, 'Strap Type': None, 'Capacity': None, 'Total Diamond Weight': None, 'Stone Weight': None, 'Warranty Description': None, 'Model Name': None, 'Insole Type': None, 'Units': None, 'Capacity Total': None, 'Outer Material': None, 'Arch Type': None, 'Inner Material': None, 'Water Resistance Level': None, 'Number of Sets': None, 'Item Form': None, 'Mounting Type': None, 'Seasons': None, 'Ultraviolet Light Protection': None, 'Plant or Animal Product Type': None, 'Package Information': None, 'Controller Type': None, 'Language': None, 'Power Source': None, 'Wattage': None, 'Chain Length': None, 'Connectivity Technology': None, 'Printing Technology': None, 'Printer Output': None, 'Maximum Print Speed (Color)': None, 'Max Printspeed Monochrome': None, 'Grip Type': None, 'Installation Type': None, 'Sleeve Type': None, 'Size Map': None, 'Finish Type': None, 'Shell Type': None, 'Refill': None, 'Tick-repellent material': None, 'Import': None, 'Waist (cm)': None, 'Cartoon Character': None, 'Is Stain Resistant': None, 'Compatible Material': None, 'Assembly Required': None, 'Opening Mechanism': None, 'Gauge': None, 'Item Volume': None, 'Light Source Type': None, 'Shade Color': None, 'Shade Material': None, 'Pocket Description': None, 'Band Length': None, 'Measurement Type': None, 'Number of Compartments': None, 'Scent': None, 'Material Feature': None, 'Special Features': None, 'Display Type': None, 'Are Batteries Included': None, 'Watch Movement': None, 'Dial Color': None, 'Connector Type': None, 'Cable Type': None, 'Auto Part Position': None, 'Operation Mode': None, 'Case Material': None, 'Maximum Weight Recommendation': None, 'Color Name': None, 'Stone Cut': None, 'Lock Type': None, 'Wheel Material': None, 'Sole Material': None, 'Floor Area': None, 'Domestic Shipping': None, 'International Shipping': None, 'Gem Type': None, 'Seat Material Type': None, 'Auto Shutoff': None, 'Corner Style': None, 'Product Benefits': None, 'Wallet compartment type': None, 'Finish types': None, 'Is Dishwasher Safe': None, 'Label': None, 'Embellishment': None, 'Flavor': None, 'Surface Recommendation': None, 'Towel form type': None, 'Genre': None, 'Number of Players': None, 'Minimum Age Recomendation': None, 'Specific Uses For Product': None, 'Human Interface Input': None, 'Total USB Ports': None, 'Specification Met': None, 'Main Power Connector Type': None, 'Skill Level': None, 'Surface Recommendation Wall': None, '': None, 'Head Style': None, 'Number Of Pockets': None, 'Care instructions': None, 'National Stock Number': None, 'Battery Capacity': None, 'Sheet Size': None, 'Brightness': None, 'Paper Weight': None, 'Surface Recommendation Plastic': None, 'Occupancy': None, 'Fill Material': None, 'Incontinence Protector Type': None, 'Chest Size': None, 'Fill Material Type': None, 'Item Firmness Description': None, 'Base Type': None, 'Best Sellers Rank': None, 'Total gem weight': None, 'Is Customizable': None, 'Cover Material': None, 'Ink Color': None, 'Material Aluminum': None, 'Furniture Finish': None, 'Material Cotton': None, 'Shelf Type Hanging Shelf': None, 'Number of Hooks': None, 'Material Type Free': None, 'Fuel Type': None, 'Noise Attenuation': None, 'Map Type': None, 'Paper Finish': None, 'Weight Limit': None, 'With Lid': None, 'Unit Grouping': None, 'Total Eaches': None, 'Exterior Finish': None, 'Orientation': None, 'Thickness': None, 'Assembled Height': None, 'Assembled Width': None, 'Assembled Depth': None, 'Weight': None, 'Year': None, 'Shape Round': None, 'Fastener Material': None, 'Our Recommended age': None, 'Maximum Height': None, 'Mounting Type Insert Mount': None, 'Life Vest Type': None, 'Display Style': None, 'Skin Type': None, 'Screen Surface Description': None, 'Material Ceramic': None, 'Age Range Description': None, 'Extension Length': None, 'Perfume': None, 'Installation Type Peel': None, 'Alarm Clock': None, 'Sheet Count': None, 'Insulation Material': None, 'Chamber Height': None, 'Maximum Height Recommendation': None, 'Material Polyester': None, 'Material Glass': None, 'Load Capacity': None, 'Capacity 10.3 Ounces': None, 'Material Vinyl': None, 'Shape Irregular': None, 'Assembly required': None, 'Number of Keys': None, 'Number of Buttons': None, 'Ply Rating': None, 'Material Acrylic': None, 'Capacitance': None, 'Platform': None, 'Liquid Volume': None, 'Model': None, 'Target gender': None, 'material_composition': None, 'Pile Height': None, 'Construction Type': None, 'Back Material Type': None, 'Magnification Strength': None, 'Top Style': None, 'Capacity 11 Ounces': None, 'Voltage': None, 'Is framed?': None, 'Number of Drawers': None, 'Paint Type': None, 'Color Code': None, 'Material Stainless Steel': None, 'Control Type': None, 'Media Type': None, 'Maximum Range': None, 'Battery Cell Composition': None, 'Whats in the box': None, 'Stone treatment method': None, 'Head Type': None, 'Thread Type': None, 'Glove Type': None, 'Warranty Type': None, 'Coverage': None, 'Pillow Type': None, 'Insole Material': None, 'Height Map': None, 'Control Method': None, 'Indoor/Outdoor Usage': None, 'Bottom Shape': None, 'Special features': None, 'Water Resistance Depth': None, 'Surface Recommendation Window': None, 'UV protection': None, 'Package Type': None, 'Shaft Height': None, 'Additional product features': None, 'Number Of Items': None, 'Is portable': None, 'Temperature Rating': None, 'Number of Dividers': None, 'Input Voltage': None, 'Material Metal': None, 'ASTM Fluid Rating': None, 'Controller Type Button Control': None, 'Packaging': None, 'Point Type': None, 'Mounting Type Tabletop Mount': None, 'Charging Time': None, 'Capacity 11 Fluid Ounces': None, 'Stone Width': None, 'Stone Length': None, 'Lamp Type': None, 'Specialty': None, 'Top Material Type': None, 'Golf Club Flex': None, 'Rug Form Type': None, 'Assembled Length': None, 'Material Metal, Steel': None, 'Stone Clarity': None, 'Material Plastic': None, 'Occasion Birthday': None, 'Format': None, 'Number of Light Sources': None, 'Handle Type': None, 'Is Waterproof': None, 'Mounting Type Window Mount': None, 'Neck Size': None, 'Material other': None, 'Country/Region of origin': None, 'Grit Number': None, 'Part number': None, 'Number of Batteries': None, 'Surface Recommendation nail': None, 'Wheel Type': None, 'Number Of Discs': None, 'Design': None, 'Connector Gender': None, 'Capacity 16 Fluid Ounces': None, 'Surface Recommendation 2 inch': None, 'Mounting Type Clip On': None, 'Material Acrylonitrile Butadiene Styrene': None, 'Deck Width': None, 'Wheel Size': None, 'Surface Recommendation Window, Wall': None, 'Neck Style': None, 'Shirt form type': None, 'Collar Style': None, 'Lifestyle': None, 'Import Designation': None, 'Bowl Material': None, 'Back Style': None, 'Pages': None, 'Stone Shape': None, 'Bike Type': None, 'Number of Speeds': None, 'Suspension Type': None, 'Brake Style': None, 'Reading Interest (Min. Age)': None, 'Reading Interest (Max. Age)': None, 'Chamber Width': None, 'Hardware Platform': None, 'Max Input Sheet Capacity': None, 'Material Alloy Steel': None, 'Material Polyvinyl Chloride': None, 'Material Other': None, 'Air Gun Power Type': None, 'Material Weather Resistant Fabric and Plastic': None, 'Duration': None, 'Material Stoneware': None, 'Occasion Travel': None}",/amazon_fashion/B06XQLWD4H.jpg,Decrum,35.76,상의
B01EFL9OQU,"Scrabble Game Tile Jewelry - Vintage Library Books - Scrabble Pendant Charm- Ball Chain Necklace,Scrabble Pendant","Fashion Vertical: Jewelry

Attributes:
- Main Category: Necklace
- Sub Category: Pendant Necklace
- Fit: Adjustable
- Sleeve Style: N/A
- Neck Style: N/A
- Material: Metal
- Pattern / Print / Theme: Vintage, Library Books
- Closure Type: Lobster clasp
- Gemstone: None
- Frame Material: N/A
- Lens Material: N/A
- Lens Type: N/A
- Occasion: Casual
- Colors: Brown, Orange, Black, Gold
- Sizes: 24 inches (adjustable)
- Age Group: N/A

Image Descriptions:
- Image 1: A close-up image of a pendant necklace shaped like vintage library books with intricate designs on the spine featuring colors like brown and orange. The chain is a simple ball chain, emphasizing the book-like structure.
- Image 2: A repeat of Image 1, showing the same pendant with no additional details.
- Image 3: A reference image indicating necklace sizes, showing a range of lengths from 14 inches to 33 inches, providing clarity on sizing options.
- Image 4: A collection of clear gift pouches in various colors (red, purple, brown, green) which can be used for packaging jewelry, highlighting the product's gifting potential.",/amazon_fashion/B01EFL9OQU.jpg,,104.44,기타
B07R9KB58Q,Herou Women Summer Casual Sleeveless Cotton Dresses Mint Large,"Fashion Vertical: Women

Attributes:
- Main Category: Dress
- Sub Category: Casual Sleeveless Dress
- Fit: Regular
- Sleeve Style: Sleeveless
- Neck Style: Round neck
- Material: 100% Cotton
- Pattern / Print / Theme: Solid
- Closure Type: None
- Gemstone: None
- Frame Material: None
- Lens Material: None
- Lens Type: None
- Occasion: Casual
- Colors: Mint
- Sizes: L
- Age Group: None

Image Descriptions:
- Image 1: Front view of the dress in mint color, featuring a sleeveless design and a flared skirt. The fabric appears smooth and stretches comfortably.
- Image 2: Back view of the dress, mirroring the front design with a solid mint color and a similar flared silhouette.
- Image 3: Close-up of the neckline showcasing a round neck and tag, emphasizing the clean design and stitching.
- Image 4: Close-up shot of the fabric texture displaying softness and elasticity, focusing on the quality of the cotton material.",/amazon_fashion/B07R9KB58Q.jpg,Herou,97.53,원피스
B0969JTHRX,Hanes womens Seamless,"Fashion Vertical: Women

Attributes:
- Main Category: Bra
- Sub Category: Wire-free Bra
- Fit: Regular
- Sleeve Style: None
- Neck Style: V-neck
- Material: Nylon, Spandex
- Pattern / Print / Theme: Solid
- Closure Type: Pull-On
- Gemstone: None
- Frame Material: None
- Lens Material: None
- Lens Type: None
- Occasion: Casual
- Colors: Beige
- Sizes: Not specified
- Age Group: N/A

Image Descriptions:
- Image 1: A model wearing a wire-free bra in a soft beige color. The bra features a smooth, seamless design with a wide band under the bust for support, and a V-neckline that enhances comfort and fit. The material appears stretchy and breathable, suitable for casual wear.

Product Information:
{'main_category': 'AMAZON FASHION', 'title': 'Hanes womens Seamless', 'average_rating': 4.2, 'rating_number': 56, 'features': array(['92 nylon 8 spandex', 'Pull-On closure', 'Machine Wash'], dtype=object), 'description': array([""The Hanes Get Cozy Pullover ComfortFlex Fit Wirefree Bra G19F has wire-free cups with a rib-knit body that wicks away moisture and is totally seam-free with tag-free comfort. Hanes' Get Cozy Pullover ComfortFlex Fit Wirefree Bra is made of nylon/spandex.""], dtype=object), 'price': 12.99, 'images': array([{'thumb': 'https://m.media-amazon.com/images/I/41LmMceRUkL._AC_SR38,50_.jpg', 'large': 'https://m.media-amazon.com/images/I/41LmMceRUkL._AC_.jpg', 'variant': 'MAIN', 'hi_res': 'https://m.media-amazon.com/images/I/61Qtvd3WbnL._AC_UL1020_.jpg'}], dtype=object), 'videos': array([], dtype=object), 'store': 'Hanes', 'categories': array([], dtype=object), 'details': {...}}",/amazon_fashion/B0969JTHRX.jpg,Hanes,12.99,상의
B00BIDQIYK,"Skull Bracelet 6"" - 9"" Adjustable 9X Metal Skull Beads","Fashion Vertical: Jewelry

Attributes:
- Main Category: Bracelet
- Sub Category: Skull Bracelet
- Fit: Adjustable
- Sleeve Style: None
- Neck Style: None
- Material: Metal, Hematite
- Pattern / Print / Theme: Skull
- Closure Type: Adjustable drawstring
- Gemstone: None
- Frame Material: None
- Lens Material: None
- Lens Type: None
- Occasion: Casual
- Colors: Silver, Black
- Sizes: 6""-9"" adjustable
- Age Group: None

Image Descriptions:
- Image 1: A close-up of the skull bracelet featuring metal skull beads and a black cord. The bracelet has an adjustable drawstring closure. The predominant colors are silver and black.
- Image 2: Another similar close-up showcasing the design of the skulls and the bracelet's adjustable mechanism. Same colors and materials as Image 1.
- Image 3: A side angle view of the bracelet emphasizing the shiny nature of the metal skulls against the black cord. The design details are clear.
- Image 4: The bracelet displayed on an arm, highlighting its fit and style in a casual setting. The metal shines against the black cord.
- Image 5: A jewelry box included with the bracelet, red with a gold bow. The box may differ in color and style.",/amazon_fashion/B00BIDQIYK.jpg,Shamballa Style Jewelry,4.76,기타
B08K4R19JG,"luxilooks Womens Sweat Shorts Stretchy Lounge Shorts High Waisted Dolphin Shorts Casual Pajama Shorts(Tie Dye,XX-Large)","Fashion Vertical: Women

Attributes:
- Main Category: Shorts
- Sub Category: Lounge Shorts
- Fit: Regular
- Sleeve Style: N/A
- Neck Style: N/A
- Material: Cotton
- Pattern / Print / Theme: Tie Dye
- Closure Type: Drawstring Waist
- Gemstone: None
- Frame Material: N/A
- Lens Material: N/A
- Lens Type: N/A
- Occasion: Casual
- Colors: Pastel shades (pink, blue, purple)
- Sizes: XX-Large, M, L, XL, S
- Age Group: N/A

Image Descriptions:
- Image 1: Shows a close-up of the tie-dye shorts, highlighting pastel shades of pink, blue, and purple. The material appears soft, made from cotton, with a drawstring waist.
- Image 2: Features a woman wearing the shorts with a pink T-shirt, showcasing the casual look. Her size is marked as M, and she is in a bathroom setting.
- Image 3: Displays three women together, all wearing the shorts in different sizes and tops, with playful expressions. The shorts are prominently visible in a festive environment.
- Image 4: Highlights the shorts paired with a white crop top, emphasizing how they can be styled casually. The focus on the shorts shows their fit and colors well.
- Image 5: Presents a sizing chart detailing measurements in centimeters and inches for various sizes (S, M, L, XL, 2XL). The chart includes waist, hip, and length details for each size.",/amazon_fashion/B08K4R19JG.jpg,luxilooks,20.78,하의
B01MRHMS12,MISMXC Sexy G-string Open Crotch Lace Transparent Lingerie pearl Thongs (Blue),"Fashion Vertical: Women

Attributes:
- Main Category: Lingerie
- Sub Category: Thongs
- Fit: N/A
- Sleeve Style: N/A
- Neck Style: N/A
- Material: Lace
- Pattern / Print / Theme: Solid
- Closure Type: N/A
- Gemstone: None
- Frame Material: N/A
- Lens Material: N/A
- Lens Type: N/A
- Occasion: Intimate
- Colors: Blue
- Sizes: N/A
- Age Group: N/A

Image Descriptions:
- Image 1: A blue lace G-string thong featuring intricate floral designs and pearl embellishments at the center. The lace material gives it a delicate and transparent appearance.
- Image 2: The same thong from another angle, highlighting the blue lace texture and the pearl detail, emphasizing its open-crotch design and elegant styling.",/amazon_fashion/B01MRHMS12.jpg,MISMXC,28.12,기타
B08L4XWBL3,Janasya Indian Women's Pink Poly Crepe Kurta with Pant and Dupatta,"Fashion Vertical: Women

Attributes:
- Main Category: Kurta Set
- Sub Category: A-Line Kurta with Pant and Dupatta
- Fit: Regular
- Sleeve Style: Three Quarter Sleeve
- Neck Style: Keyhole Neckline
- Material: Poly Crepe, Georgette
- Pattern / Print / Theme: Floral Foil Print
- Closure Type: Pull On
- Gemstone: None
- Frame Material: None
- Lens Material: None
- Lens Type: None
- Occasion: Party, Festive
- Colors: Pink, Mustard, Gold
- Sizes: S, M, L, XL, 2XL, 3XL
- Age Group: None

Image Descriptions:
- Image 1: Model wearing a pink kurta with floral foil print and gold detailing on sleeves, paired with a mustard pant and dupatta.
- Image 2: Size chart showing various sizes, with measurements for bust, waist, and hips.
- Image 3: Model in the same kurta set holding a small patterned bag, showcasing the outfit’s fit and accessories.
- Image 4: Side view of model in kurta, highlighting the floral print and pant.
- Image 5: Front view of kurta with model smiling, showcasing the neckline and styling.
- Image 6: Back view of kurta showing the clean finish and styling elements of the back.
- Image 7: Close-up of the neckline design, featuring floral print and lace detail.
- Image 8: Close-up of the mustard pant fabric, showcasing the smooth texture.",/amazon_fashion/B08L4XWBL3.jpg,Janasya,31.96,원피스
B07VWR4528,Yevison 1X Diamond Bee Brooch Pin Women Corsage Children Birthday Gift Collar Lapel Badge Jewelry Scarves Shawl Clip Lady Jewelry Bag Ornament Men Gift Durable and Useful,"Fashion Vertical: Jewelry

Attributes:
- Main Category: Brooch
- Sub Category: Bee Brooch
- Fit: N/A
- Sleeve Style: N/A
- Neck Style: N/A
- Material: Alloy, Rhinestone
- Pattern / Print / Theme: Bee design
- Closure Type: Pin
- Gemstone: None
- Frame Material: N/A
- Lens Material: N/A
- Lens Type: N/A
- Occasion: Casual, Gift
- Colors: Yellow, Black, White, Gold
- Sizes: Approximately 4 x 4 cm
- Age Group: N/A

Image Descriptions:
- Image 1: Close-up of a golden bee brooch with yellow and black enamel, adorned with rhinestones, featuring a prominent pearl in the center.
- Image 2: Model wearing a white sweater with a bee brooch accent on the collar; the brooch is similar to the one in image 1.
- Image 3: Close-up shot of the bee brooch on a plate, showing its details including rhinestones and colors.
- Image 4: Similar brooch displayed against a black background, highlighting its shiny embellishments and design.
- Image 5: Model wearing a white blazer with the bee brooch pinned, showcasing its versatility as an accessory for different outfits.
- Image 6: A bright layout featuring the bee brooch against an elegant backdrop, with various models suggesting gifting ideas.
- Image 7: Another close-up of the bee brooch similar to image 1, emphasizing the intricate details and shiny materials.
- Image 8: Additional close-up of the bee brooch placed on a decorative surface, highlighting the color and intricacies of the design.",/amazon_fashion/B07VWR4528.jpg,Yevison,50.42,기타
B074TXN8DZ,LAINAB Women Casual Short Sleeve Pockets Keyhole Back Jumpsuits Army Green XL,"Fashion Vertical: Women

Attributes:
- Main Category: Jumpsuit
- Sub Category: Casual Jumpsuit
- Fit: Regular
- Sleeve Style: Short-sleeve
- Neck Style: Round neck
- Material: Polyester
- Pattern / Print / Theme: Solid
- Closure Type: Drawstring
- Gemstone: None
- Frame Material: None
- Lens Material: None
- Lens Type: None
- Occasion: Casual
- Colors: Army Green
- Sizes: XL
- Age Group: None

Image Descriptions:
- Image 1: A model wearing an army green casual jumpsuit. The jumpsuit features short sleeves, a round neck, and a drawstring waist. Soft and flowy fabric is visible. 
- Image 2: Another angle of the jumpsuit displaying the relaxed fit and short sleeves, highlighting the color and material.
- Image 3: Close-up showing a side view of the model. The elastic waistband and pockets are visible, emphasizing the jumpsuit’s comfort and style.
- Image 4: A view from the back, showcasing a keyhole back design and the overall silhouette of the jumpsuit.
- Image 5: Close-up of the drawstring detail at the waist, highlighting the functional and stylish aspect of the design.",/amazon_fashion/B074TXN8DZ.jpg,LAINAB,118.55,원피스
B09WC7V9YD,Junk Food Clothing x Star Wars x NFL - Chicago Bears - Boba Fett Showdown - Men's and Women's Short Sleeve Fan Shirt - Size 3 X-Large,"Fashion Vertical: Unisex

Attributes:
- Main Category: T-shirt
- Sub Category: Fan Shirt
- Fit: Regular
- Sleeve Style: Short-sleeve
- Neck Style: Round neck
- Material: 100% Cotton
- Pattern / Print / Theme: Graphic print
- Closure Type: Pull On
- Gemstone: None
- Frame Material: None
- Lens Material: None
- Lens Type: None
- Occasion: Casual
- Colors: Black, Orange, Grey
- Sizes: 3X-Large

Image Descriptions:
- Image 1: Features a male model wearing a black T-shirt with a graphic print of Boba Fett and the word ""BEARS"" in orange. The shirt has a relaxed fit and a round neck.
- Image 2: Showcases a female model in a similar black T-shirt, styled similarly to the male model with the same graphic print.
- Image 3: Displays the back view of a male wearing the same black T-shirt, showcasing a simple design without print.
- Image 4: Presents a couple wearing matching black T-shirts, highlighting the relaxed and unisex fit of the shirts in a casual setting.
- Image 5: Contains a size guide for the T-shirt, detailing chest, waist, and hip measurements for various sizes.
- Image 6: Features two models in black and other colored T-shirts, highlighting a promotional photo with diverse styles.
- Image 7: Provides a close-up view of the garment's features, noting its relaxed fit and softness, along with the 100% cotton material.",/amazon_fashion/B09WC7V9YD.jpg,Junk Food,28.68,상의
B08N6395VP,"Gloria Vanderbilt Women's Amanda Capri Jean, Stonewood, 10 Regular","Fashion Vertical: Women

Attributes:
- Main Category: Pants
- Sub Category: Capri Jeans
- Fit: Regular
- Sleeve Style: N/A
- Neck Style: N/A
- Material: Cotton
- Pattern / Print / Theme: Solid
- Closure Type: Zip
- Gemstone: None
- Frame Material: N/A
- Lens Material: N/A
- Lens Type: N/A
- Occasion: Casual
- Colors: Stonewood (Light Beige)
- Sizes: 10 Regular
- Age Group: N/A

Image Descriptions:
- Image 1: A side view of a woman wearing light beige capri jeans, paired with white sneakers. The jeans fit snugly at the waist and taper at the calves, showcasing a casual style.
- Image 2: A back view of the same woman in light beige capri jeans, highlighting the pockets and the fitted design. The look is completed with white sneakers.
- Image 3: A back view of a different woman wearing light beige capri jeans, similar in style, paired with tan sandals. The jeans also feature a small slit at the hem, adding detail.
- Image 4: A sizing chart for Gloria Vanderbilt women's bottoms, detailing sizes and measurements for both missy and plus sizes, alongside a model wearing dark jeans.
- Image 5: A sizing chart for Gloria Vanderbilt women's bottoms in plus sizes, showing size conversions and measurements alongside a model in a casual outfit.",/amazon_fashion/B08N6395VP.jpg,Gloria Vanderbilt,98.46,하의
B07DJQJ5ZB,"Vintage Bohemian Summer Embroidered Large Tote Bag Tapestry Shoulder Bag Women Handbag (""Beige&coffee"")","Fashion Vertical: Bags

Attributes:
- Main Category: Tote Bag
- Sub Category: Large Tote Bag
- Fit: Regular
- Sleeve Style: None
- Neck Style: None
- Material: Tapestry Fabric
- Pattern / Print / Theme: Floral Embroidery
- Closure Type: Zip
- Gemstone: None
- Frame Material: None
- Lens Material: None
- Lens Type: None
- Occasion: Casual
- Colors: Beige, Coffee, Blue, Red, Green
- Sizes: 17.5 x 17 x 4.25 inches
- Age Group: None

Image Descriptions:
- Image 1: The front view of the tote bag featuring colorful floral embroidery on a beige background with brown and red outlines. The straps are patterned.
- Image 2: Side view of the tote bag showcasing the same floral embroidery with a smartphone placed for size reference.
- Image 3: Another angle of the tote bag emphasizing the embroidered side design and the overall shape of the bag.
- Image 4: Back view displaying a multicolored striped pattern with hints of pink, blue, and brown.
- Image 5: Bottom view highlighting the stitching and detailing along the edges, showcasing the fabric's thickness.
- Image 6: Interior view of the bag showing a black lining and zipper closure, indicating space for storage.",/amazon_fashion/B07DJQJ5ZB.jpg,WESTERN ORIGIN,60.62,기타
B071WYWTW7,"ANDYICEE Women's Floral Print Crisscross Deep V Neck Tops Boho Chiffon Blouse Shirts (Large, Black)","Fashion Vertical: Women

Attributes:
- Main Category: Top
- Sub Category: Blouse
- Fit: Regular
- Sleeve Style: Full-sleeve
- Neck Style: Deep V-neck
- Material: Chiffon
- Pattern / Print / Theme: Floral
- Closure Type: None
- Gemstone: None
- Frame Material: None
- Lens Material: None
- Lens Type: None
- Occasion: Casual
- Colors: Black, White, Green, Red, Yellow
- Sizes: Large
- Age Group: None

Image Descriptions:
- Image 1: Features a black floral blouse with a deep V-neckline and crisscross straps, displaying colorful floral patterns (white and red flowers with green leaves). The model is wearing the blouse with a white skirt.
- Image 2: Similar to Image 1, showcasing the same design and colors, highlighting the floral patterns and deep neckline.
- Image 3: A flat lay of the blouse, focusing on the floral print with a deep V-neck and long sleeves. The material appears lightweight and flowy.
- Image 4: Close-up of the neckline detail, emphasizing the crisscross strap design and the floral pattern.",/amazon_fashion/B071WYWTW7.jpg,,62.07,상의
B005CDYBQ4,"Vans Infant Classic Slip-On, Check Black/Pewter-1 Infant","Fashion Vertical: Kids

Attributes:
- Main Category: Footwear
- Sub Category: Slip-On Sneakers
- Fit: Regular
- Sleeve Style: N/A
- Neck Style: N/A
- Material: Canvas
- Pattern / Print / Theme: Checkerboard
- Closure Type: Slip-on
- Gemstone: None
- Frame Material: N/A
- Lens Material: N/A
- Lens Type: N/A
- Occasion: Casual
- Colors: Black, White, Gray
- Sizes: Infant 
- Age Group: Infant

Image Descriptions:
- Image 1: A pair of slip-on sneakers featuring a black and white checkerboard pattern. The upper material appears to be canvas with a rubber sole. The inside features a soft lining for comfort. 
- Image 2: Side view of the same sneakers, showcasing the low profile design with a black checkered pattern. The white sole provides a contrasting look.
- Image 3: Back view of the sneakers, clearly displaying the Vans logo on the heel and the checkerboard detail on the back.
- Image 4: Another side view highlighting the slip-on style without any laces, maintaining a sleek and simple look.",/amazon_fashion/B005CDYBQ4.jpg,Vans,169.59,기타
B08LGTTHGM,"Toddler Girls Princess Jacket, Kids Cartoon Hoodie Zip Up Winter Coats Sweatshirt for Children 4t Fashion Round Neck Cosplay Gym Suit Sport Outwear Animation Snowflake Decoration Clothing 120cm Red","Fashion Vertical: Kids

Attributes:
- Main Category: Jacket
- Sub Category: Hoodie
- Fit: Regular
- Sleeve Style: Full-sleeve
- Neck Style: Hooded
- Material: Polyester
- Pattern / Print / Theme: Cartoon, Animation
- Closure Type: Zip
- Gemstone: None
- Frame Material: None
- Lens Material: None
- Lens Type: None
- Occasion: Casual, Cosplay
- Colors: Pink, Green, Blue, White
- Sizes: 100cm, 110cm, 120cm, 130cm, 140cm
- Age Group: Toddler, Child

Image Descriptions:
- Image 1: A pink hoodie featuring characters from a popular animated film. The front displays vibrant illustrations of cartoon characters, with blue and white elements representing ice, and a zip closure.
- Image 2: The back view of the hoodie, maintaining the same colorful design with the animated characters prominently displayed.
- Image 3: A close-up view of the hoodie’s sleeve and hem detailing, showcasing pink cuffs and the plush material inside.
- Image 4: A size chart indicating dimensions for the jacket, alongside notes for choosing the right size based on height and age.
- Image 5: The hoodie presented in a whimsical setting with snowflakes in the background, emphasizing its winter theme and animated character design.",/amazon_fashion/B08LGTTHGM.jpg,Kidsinwe,128.29,아우터
B07MFH8PCN,Huhu Satan Painting - Baphomet Satanic Pentagram Men's Short-Sleeve T-Shirt Black,"Fashion Vertical: Men

Attributes:
- Main Category: T-Shirt
- Sub Category: Graphic T-Shirt
- Fit: Regular
- Sleeve Style: Short sleeve
- Neck Style: Round neck
- Material: Cotton
- Pattern / Print / Theme: Graphic print (Satanic pentagram)
- Closure Type: Pull On
- Gemstone: None
- Frame Material: N/A
- Lens Material: N/A
- Lens Type: N/A
- Occasion: Casual
- Colors: Black, Red
- Sizes: S, M, L, XL, 2XL, 3XL, 4XL, 5XL, 6XL
- Age Group: N/A

Image Descriptions:
- Image 1: Front view of the t-shirt on a model; features a large red graphic of a pentagram with a demon head, set against a black background.
- Image 2: Another front view, showcasing the model smiling; similar graphics as before.
- Image 3: Front view of the t-shirt laid flat; clearly displays the graphic design with the red pentagram.
- Image 4: Back view of the t-shirt showing the plain black back.
- Image 5: Close-up of the t-shirt fabric; highlights the softness and breathability, labeled as 100% cotton.
- Image 6: Another perspective view of the t-shirt emphasizing the pentagram design on a black background.",/amazon_fashion/B07MFH8PCN.jpg,Huhu,19.99,상의
B072BG4Z7P,FOXFIRE Big & Tall Men's Casual Cabana Shirt - Relaxed Fit,"Fashion Vertical: Men

Attributes:
- Main Category: Shirt
- Sub Category: Cabana Shirt
- Fit: Loose
- Sleeve Style: Short-sleeve
- Neck Style: Collared
- Material: 65% Rayon / 35% Polyester
- Pattern / Print / Theme: Solid (Herringbone weave)
- Closure Type: Button closure
- Gemstone: None
- Frame Material: None
- Lens Material: None
- Lens Type: None
- Occasion: Casual
- Colors: Burgundy
- Sizes: 3XL, 4XL, 5XL, 6XL, 7XL, 2XL, 1XL
- Age Group: None

Image Descriptions:
- Image 1: A model is wearing a burgundy loose-fitting cabana shirt. It features a collared neck, short sleeves, and a left chest pocket with a button closure. The herringbone fabric is visible.
- Image 2: A close-up view of the shirt's collared neck detailing, showcasing the brand label ""Indygo Smith"" and a button closure. The color is burgundy.
- Image 3: A close-up of the fabric texture in burgundy, emphasizing the herringbone weave pattern.
- Image 4: A size chart detailing hand measurements for various sizes of the cabana shirt, including chest measurements and lengths in both inches and centimeters.",/amazon_fashion/B072BG4Z7P.jpg,FOXFIRE,69.95,상의
B00S76TUVY,"Ikee Design Leatherette Watch Box For 12 Watches, Navy Blue","Fashion Vertical: Accessories

Attributes:
- Main Category: Watch Box
- Sub Category: Leatherette Watch Organizer
- Fit: N/A
- Sleeve Style: N/A
- Neck Style: N/A
- Material: Faux Leather
- Pattern / Print / Theme: Solid
- Closure Type: Lock with key
- Gemstone: None
- Frame Material: N/A
- Lens Material: N/A
- Lens Type: N/A
- Occasion: Everyday Use
- Colors: Navy Blue, Gold
- Sizes: N/A
- Age Group: N/A

Image Descriptions:
- Image 1: A navy blue leatherette watch box with a transparent glass lid, showing dividers inside for 12 watches. Gold-tone studs adorn the edges, and it comes with a key and tassel.
- Image 2: Another angle of the navy blue watch box showing the interior with cream-colored cushions for watches. A watch is resting on one of the cushions.
- Image 3: A close-up of the watch box showcasing 12 watches arranged in the compartments. The box features a glass top for visibility.
- Image 4: The interior perspective of the watch box revealing the soft cream lining and padding of the dividers.
- Image 5: Profile view of the watch box with the lid open, displaying watches positioned in padded cushions.
- Image 6: Close-up of the locking mechanism and corner accents, which are gold-toned and complete the luxurious look of the box.",/amazon_fashion/B00S76TUVY.jpg,Ikee Design,59.11,기타
B081J3XS9K,Night Vision Glasses – Polarized Night Driving Glasses for Men Women with Adjustable Metal Frame for Driving Fishing Biking glasses,"Fashion Vertical: Eyewear

Attributes:
- Main Category: Sunglasses
- Sub Category: Night Driving Glasses
- Fit: Regular
- Sleeve Style: None
- Neck Style: None
- Material: Metal, Plastic
- Pattern / Print / Theme: Solid
- Closure Type: None
- Gemstone: None
- Frame Material: Metal
- Lens Material: Polycarbonate
- Lens Type: Polarized
- Occasion: Casual, Driving
- Colors: Black, Yellow
- Sizes: One size

Image Descriptions:
- Image 1: A pair of sunglasses with a black metal frame and yellow lenses. The design is sporty, no visible embellishments.
- Image 2: Another angle of the sunglasses showing the same black frame and yellow lenses. The shape is slightly more rectangular.
- Image 3: Front view of the sunglasses, showcasing the yellow lenses and sleek design of the black frame.
- Image 4: The packaging includes the sunglasses, a carrying case, a cleaning cloth, and a card. The case is black with gold lettering.",/amazon_fashion/B081J3XS9K.jpg,OMISA,28.82,기타
B08SQRG9FZ,"Gloria Vanderbilt Women's Amanda Capri Jean, Sparkling Raspberry, 8 Regular","Fashion Vertical: Women

Attributes:
- Main Category: Pants
- Sub Category: Capri Jeans
- Fit: Regular
- Sleeve Style: N/A
- Neck Style: N/A
- Material: Denim
- Pattern / Print / Theme: Solid
- Closure Type: Zip
- Gemstone: None
- Frame Material: N/A
- Lens Material: N/A
- Lens Type: N/A
- Occasion: Casual
- Colors: Sparkling Raspberry
- Sizes: 8 Regular
- Age Group: N/A

Image Descriptions:
- Image 1: Front view of red capri jeans showcasing a fitted cut, made of denim, with a solid color finish.
- Image 2: Side view highlighting the sleek design and length of the capri jeans, with a detailed look at the cut and fit.
- Image 3: Back view showing the jean's design with pockets and stitching details.
- Image 4: Size chart image providing dimensions and sizing information for women's tops and bottoms, indicating a size 8 regular for these jeans.",/amazon_fashion/B08SQRG9FZ.jpg,Gloria Vanderbilt,81.39,하의
B00DAH8A4I,Superman Man of Steel Watch Stainless Steel Blue (MOS8008),"Fashion Vertical: Accessories

Attributes:
- Main Category: Watch
- Sub Category: Men's Watch
- Fit: N/A
- Sleeve Style: N/A
- Neck Style: N/A
- Material: Stainless Steel, Plastic
- Pattern / Print / Theme: Superhero
- Closure Type: N/A
- Gemstone: None
- Frame Material: N/A
- Lens Material: N/A
- Lens Type: N/A
- Occasion: Casual
- Colors: Blue, Silver, Red, White
- Sizes: N/A
- Age Group: N/A

Image Descriptions:
- Image 1: A close-up of the watch showing a blue bezel with a red Superman logo at the center. The strap is a mix of blue and silver tones, featuring metallic links.
- Image 2: The watch positioned inside a decorative tin box featuring Superman imagery. The box has a textured brown finish and includes foam padding.
- Image 3: A side view of the watch strap, showcasing the blend of blue plastic and shiny metallic links, with a clean, smooth design.",/amazon_fashion/B00DAH8A4I.jpg,Man of Steel,390.25,기타
B09CCJM377,UpSpring C-Panty C-Section Recovery Underwear with Silicone Panel for Incision Care,"Fashion Vertical: Women

Attributes:
- Main Category: Underwear
- Sub Category: Recovery Panty
- Fit: High-waisted
- Sleeve Style: N/A
- Neck Style: N/A
- Material: 92% Nylon, 8% Spandex
- Pattern / Print / Theme: Solid
- Closure Type: Slip-on
- Gemstone: None
- Frame Material: N/A
- Lens Material: N/A
- Lens Type: N/A
- Occasion: Everyday, Postpartum Recovery
- Colors: Black
- Sizes: S/M (size 2 - 8), L/XL (size 10 - 16), 1X/2X (waist 100cm - 114cm)
- Age Group: N/A

Image Descriptions:
- Image 1: Side view of the high-waisted black recovery panty, highlighting its smooth design and coverage of the abdominal area.
- Image 2: Front view showing the panty, along with informative text about its features for postpartum care.
- Image 3: Close-up of the interior showing the patented silicone panel designed to protect the c-section incision and reduce scarring.
- Image 4: Size chart displaying waist and hip measurements for S/M, L/XL, and 1X/2X sizes with color-coded sections.",/amazon_fashion/B09CCJM377.jpg,UpSpring,38.4,기타
B07XFKXGDX,2PCS Pink Leather Wristlet Keychain Bracelet Bangle Round Key Ring Large Circle Tassel Key Chain Bracelet Holder for Women Girls,"Fashion Vertical: Accessories

Attributes:
- Main Category: Keychain
- Sub Category: Wristlet Keychain
- Fit: N/A
- Sleeve Style: N/A
- Neck Style: N/A
- Material: PU Leather
- Pattern / Print / Theme: Solid
- Closure Type: N/A
- Gemstone: None
- Frame Material: N/A
- Lens Material: N/A
- Lens Type: N/A
- Occasion: Casual
- Colors: Pink, Gold
- Sizes: N/A
- Age Group: N/A

Image Descriptions:
- Image 1: Two pink leather wristlet keychains featuring a large circular design, one with a tassel and a gold ring.
- Image 2: Similar view of the wristlet keychains, with a note highlighting the included tassel and gold ring.
- Image 3: Close-up showing the size of the keychain (3.1 inches), featuring a tassel and instruction notes on use.
- Image 4: Lifestyle image of a woman holding a basket with the wristlet keychain on her wrist.
- Image 5: Another lifestyle shot of a woman using her phone, displaying the wristlet keychain on her wrist.
- Image 6: Group shot showing multiple colorful wristlet keychains in various colors held by different hands.
- Image 7: A hand holding a collection of wristlet keychains in assorted colors, showcasing diversity in design.",/amazon_fashion/B07XFKXGDX.jpg,ATIMIGO,10.83,기타
B007PMTS86,Russell Athletic Men's Big-Tall Dri-Power Pant,"Fashion Vertical: Men

Attributes:
- Main Category: Pants
- Sub Category: Athletic Pants
- Fit: Regular
- Sleeve Style: N/A
- Neck Style: N/A
- Material: Polyester
- Pattern / Print / Theme: Solid
- Closure Type: Drawstring
- Gemstone: None
- Frame Material: N/A
- Lens Material: N/A
- Lens Type: N/A
- Occasion: Casual, Sports
- Colors: Grey, White
- Sizes: Available in multiple sizes (S, M, L, XL, etc.)
- Age Group: N/A

Image Descriptions:
- Image 1: Athletic gray pants with a contrast white stripe on each side. Made of lightweight polyester, featuring an elasticized waistband and on-seam hand pockets. The style is relaxed and ideal for casual wear or sports activities.",/amazon_fashion/B007PMTS86.jpg,Russell Athletic,42.0,하의
B08L8ZX3YW,Mippo Workout Tanks Yoga Tops Cute Tank Tops Open Back Clothes Activewear Tops for Women Backless Tops Womens Athletic Shirts Summer Top Pilates Tshirt Womens Gym Clothing DarkYellow Heather S,"Fashion Vertical: Women

Attributes:
- Main Category: Tank Top
- Sub Category: Workout Tank
- Fit: Regular
- Sleeve Style: Sleeveless
- Neck Style: Round neck
- Material: Polyester
- Pattern / Print / Theme: Heather
- Closure Type: None
- Gemstone: None
- Frame Material: None
- Lens Material: None
- Lens Type: None
- Occasion: Activewear
- Colors: Dark Yellow Heather
- Sizes: S
- Age Group: None

Image Descriptions:
- Image 1: A back view of a woman wearing a dark yellow heather tank top with an open back design. The top has a relaxed fit with a rounded hem.
- Image 2: A front view of the same woman wearing the tank top, showcasing a simple design with a round neck.
- Image 3: A side view highlighting the cut and fit of the tank top.
- Image 4: Another side view emphasizing the tank top's fit and style, with the same dark yellow heather color.
- Image 5: A size chart image detailing measurements for sizes S, M, L, and XL, showing bust and length dimensions.",/amazon_fashion/B08L8ZX3YW.jpg,Mippo,18.61,상의
B08SWMSWTG,Color International Women's Rhodium Plated Sterling Silver Bracelet with Genuine Gemstone | Fashionable Jewelry Accessories for Ladies,"Fashion Vertical: Jewelry

Attributes:
- Main Category: Bracelet
- Sub Category: Fashion Bracelet
- Fit: Adjustable
- Sleeve Style: None
- Neck Style: None
- Material: Sterling Silver, Rhodium Plated
- Pattern / Print / Theme: None
- Closure Type: Lobster Clasp
- Gemstone: Tanzanite
- Frame Material: None
- Lens Material: None
- Lens Type: None
- Occasion: Casual, Formal, Gift
- Colors: Silver, Blue-Violet
- Sizes: Adult
- Age Group: None

Image Descriptions:
- Image 1: A close-up image of a silver bracelet adorned with alternating tanzanite gemstones. The bracelet features an infinity design, showcasing high polish and intricate detailing.
- Image 2: A model wearing the bracelet on a bare wrist, showing the elegant design against a plain white sleeveless top.
- Image 3: The bracelet displayed next to a quarter for size reference, highlighting its length and design intricacies.
- Image 4: The bracelet presented in a branded black gift box, showcasing its elegant packaging.
- Image 5: An assortment of packaging boxes and cards from the brand Color International, revealing the giftable aspect and brand identity.",/amazon_fashion/B08SWMSWTG.jpg,Colors of Orion,125.0,기타
B07GL8RHLV,Perforated Laser Cut Out Stacked Zotty Chunky Low Heel Ankle Bootie - Side V-Cut Back Zipper Boots KHA PU 7,"Fashion Vertical: Footwear

Attributes:
- Main Category: Bootie
- Sub Category: Ankle Bootie
- Fit: Regular
- Sleeve Style: N/A
- Neck Style: N/A
- Material: PU (Polyurethane)
- Pattern / Print / Theme: Perforated
- Closure Type: Zip
- Gemstone: None
- Frame Material: N/A
- Lens Material: N/A
- Lens Type: N/A
- Occasion: Casual
- Colors: Beige
- Sizes: 7

Image Descriptions:
- Image 1: A side view of a beige perforated ankle bootie with a low heel and V-cut sides.
- Image 2: A profile view of the same beige ankle bootie, showing the perforated design and material.
- Image 3: Another profile view highlighting the bootie's light beige color and chunky heel.
- Image 4: A back view showcasing the zipper closure at the back of the bootie.
- Image 5: A front view with a model's legs wearing the bootie, emphasizing its style.
- Image 6: An angled view with a model's legs, showing the bootie's versatility and fit.",/amazon_fashion/B07GL8RHLV.jpg,LUSTHAVE,150.72,기타
B01KU8XCYM,Minimalist Geometric Black White Solitaire Cubic Zirconia Front CZ Back Ear Jackets Stud Earrings Sterling Silver,"Fashion Vertical: Jewelry

Attributes:
- Main Category: Earrings
- Sub Category: Stud Earrings
- Fit: N/A
- Sleeve Style: N/A
- Neck Style: N/A
- Material: Sterling Silver, Cubic Zirconia
- Pattern / Print / Theme: Solid
- Closure Type: Post
- Gemstone: Cubic Zirconia
- Frame Material: N/A
- Lens Material: N/A
- Lens Type: N/A
- Occasion: Casual, Formal
- Colors: Black, White, Silver
- Sizes: N/A
- Age Group: N/A

Image Descriptions:
- Image 1: A pair of silver earrings featuring a geometric design with a black stone at the bottom and a clear stone at the top. The stones are set in a sleek, polished metal frame.
- Image 2: A diagram showing the earrings worn on an ear, highlighting their hanging design.
- Image 3: A close-up of a single pair of clear stud earrings made of cubic zirconia, showcasing their sparkling appearance.
- Image 4: Another view of the geometric earrings, similar to Image 1, emphasizing the black and clear stones.
- Image 5: A repeat of Image 1, further showcasing the design from another angle.
- Image 6: An image of the packaging from Bling Jewelry, featuring a black velvet jewelry pouch and a branded card.
- Image 7: Similar to Image 6, showcasing the black velvet packaging with branded logos.
- Image 8: A model wearing the earrings in a side profile, showing how they dangle elegantly from her ear.",/amazon_fashion/B01KU8XCYM.jpg,Bling Jewelry,46.81,기타
B01DDO5SKG,LILBETTER Women's Short Sleeve Handkerchief Hem Flare Tunic Top T-shirt Dress (Black M),"Fashion Vertical: Women

Attributes:
  - Main Category: Dress
  - Sub Category: Tunic Dress
  - Fit: Regular
  - Sleeve Style: Short-sleeve
  - Neck Style: V-neck
  - Material: Polyester
  - Pattern / Print / Theme: Solid
  - Closure Type: None
  - Gemstone: None
  - Frame Material: None
  - Lens Material: None
  - Lens Type: None
  - Occasion: Casual
  - Colors: Black
  - Sizes: M
  - Age Group: None

Image Descriptions:
  - Image 1: Front view of a black short-sleeve tunic dress with a flowy hem. The dress has a V-neckline and is made of a soft material. The model is wearing ankle-high brown boots.
  - Image 2: Back view of the same black short-sleeve tunic dress. The dress appears to flow gently down the back, maintaining the same design features.
  - Image 3: A size chart detailing measurements for S, M, L, and XL sizes, including bust and length dimensions. Indicates care instructions for washing.",/amazon_fashion/B01DDO5SKG.jpg,LILBETTER,145.67,원피스
B08FBWSCFX,POTOPYY 925 Sterling Silver Animal Pendant Necklace Rabbit/Elephant/Penguin Jewelry Gifts for Women Mother,"Fashion Vertical: Jewelry

Attributes:
- Main Category: Necklace
- Sub Category: Pendant Necklace
- Fit: N/A
- Sleeve Style: N/A
- Neck Style: N/A
- Material: 925 Sterling Silver
- Pattern / Print / Theme: Animal Theme (Rabbit)
- Closure Type: N/A
- Gemstone: None
- Frame Material: N/A
- Lens Material: N/A
- Lens Type: N/A
- Occasion: Gift, Casual
- Colors: Silver, Gold
- Sizes: Chain length 18 + 2 inches
- Age Group: N/A

Image Descriptions:
- Image 1: A close-up view of the pendant necklace featuring a rabbit and flower design in silver and gold tones. The rabbit is shiny with a golden finish, and the flowers have a small sparkling detail.
- Image 2: A model wearing the necklace, with emphasis on its design around her neck and neckline. The necklace rests beautifully against her skin.
- Image 3: A detailed image showing the size of the pendant (0.72 x 0.99 inches) and the chain thickness (1.1mm), highlighting the craftsmanship and intricate design.
- Image 4: An artistic display of the necklace against a plain surface, showcasing its elegance and design details without any model.
- Image 5: The necklace in a natural setting, with a rabbit in the background enhancing the animal theme and connecting the pendant to its inspiration.
- Image 6: The gift packaging of the necklace, a white box elegantly presented with a ribbon, indicating its suitability as a gift.",/amazon_fashion/B08FBWSCFX.jpg,POTOPYY,34.99,기타
B015NNZV2U,925 Sterling Silver Filigree Blue Topaz Stone Band Ring Women Jewelry Size 6,"Fashion Vertical: Jewelry

Attributes:
  - Main Category: Ring
  - Sub Category: Band Ring
  - Fit: Standard
  - Sleeve Style: None
  - Neck Style: None
  - Material: Sterling Silver, Blue Topaz
  - Pattern / Print / Theme: Filigree
  - Closure Type: None
  - Gemstone: Blue Topaz
  - Frame Material: None
  - Lens Material: None
  - Lens Type: None
  - Occasion: Casual, Formal
  - Colors: Silver, Blue
  - Sizes: 6
  - Age Group: None

Image Descriptions:
  - Image 1: Close-up of a sterling silver ring featuring a filigree design with a blue topaz stone. The ring has intricate detailing on the sides. Size and dimensions are approximately 5 x 3 x 0.25 inches.
  - Image 2: Another view of the open design ring showcasing the decorative filigree work on either side of the blue topaz stone. 
  - Image 3: A gift box with the brand name ""CHUVORA"" on a black surface, available for the ring.
  - Image 4: Same image of the CHUVORA gift box, highlighting its compact shape and aesthetic.",/amazon_fashion/B015NNZV2U.jpg,CHUVORA,16.00,기타
B01LDVAW3O,Nike Boy's Vapor Shark 2.0 (GS) Football Cleat University Red/White/Black Size 4.5 M US,"Fashion Vertical: Footwear

Attributes:
- Main Category: Cleats
- Sub Category: Football Cleat
- Fit: Regular
- Sleeve Style: None
- Neck Style: None
- Material: Synthetic
- Pattern / Print / Theme: Solid with geometric accents
- Closure Type: Lace-up
- Gemstone: None
- Frame Material: None
- Lens Material: None
- Lens Type: None
- Occasion: Sports
- Colors: University Red, White, Black, Yellow
- Sizes: 4.5 M US
- Age Group: None

Image Descriptions:
- Image 1: Features a pair of football cleats in University Red with white and black accents. The upper has a pattern of geometric shapes and is made from a synthetic material. The outsole showcases prominent yellow studs for traction.
- Image 2: Side profile view of the cleats, highlighting the sleek design and breathable construction. The prominent red color continues with the same geometric pattern and lace-up closure.
- Image 3: Another angle focusing on the side view, showcasing the geometric print and the white swoosh logo, with a clear view of the traction studs.
- Image 4: A close-up angle emphasizing the detailing of the synthetic material and the bold color scheme, along with the structured design for foot support.
- Image 5: A slightly different angle from the previous images, providing a clear view of the design features and the lacing system in combination with the sole's stud pattern.",/amazon_fashion/B01LDVAW3O.jpg,Nike,103.92,기타
B08LFYBL7B,"TUSFTAY Women PU Leather Pencil Pants Adults Solid Color High Waist Slit Ruched Trousers Winter Tight-Fitting Pleated Leather Pants (White, S)","Fashion Vertical: Women

Attributes:
- Main Category: Pants
- Sub Category: Pencil Pants
- Fit: Tight
- Sleeve Style: N/A
- Neck Style: N/A
- Material: PU Leather
- Pattern / Print / Theme: Solid
- Closure Type: Snap closure
- Gemstone: None
- Frame Material: N/A
- Lens Material: N/A
- Lens Type: N/A
- Occasion: Casual, Party
- Colors: White
- Sizes: S, M, L
- Age Group: N/A

Image Descriptions:
- Image 1: A model wearing white PU leather pencil pants paired with a matching white top. The outfit features a high waist design, ruched details along the sides, and a sleek, tight-fitting silhouette.
- Image 2: Similar to Image 1, showcasing the model in the same white outfit, emphasizing the fitted look and shiny material of the pants.
- Image 3: Displays the model from the back, highlighting the sleek fit of the pants and their ruched detailing along the back legs.
- Image 4: A size chart detailing the dimensions of the pants in centimeters and inches, listing sizes S, M, and L with specific measurements for length, waist, thigh, and hip.",/amazon_fashion/B08LFYBL7B.jpg,TUSFTAY,72.13,하의
B085RZP5TH,"STYLEWORD Women's V Neck Floral Spaghetti Strap Summer Casual Swing Dress with Pocket(412Floral29,S)","Fashion Vertical: Women

Attributes:
- Main Category: Dress
- Sub Category: Swing Dress
- Fit: Regular
- Sleeve Style: Spaghetti Strap
- Neck Style: V-neck
- Material: Not specified
- Pattern / Print / Theme: Leopard print
- Closure Type: None
- Gemstone: None
- Frame Material: None
- Lens Material: None
- Lens Type: None
- Occasion: Casual
- Colors: White, Black, Brown
- Sizes: S, M, L, XL, XXL
- Age Group: None

Image Descriptions:
- Image 1: A model wearing a leopard print swing dress with a V-neck and spaghetti straps, featuring a flared skirt and a pocket.
- Image 2: A close-up of the leopard print dress on a white background showing the V-neck and spaghetti straps, with a flared bottom.
- Image 3: Another view of the leopard print dress featuring the same design details, showcasing the material and fit.
- Image 4: A detail image of the dress's neckline and straps, showing the design and label tag.
- Image 5: An image of the dress showing the fabric with a pocket, along with a size chart detailing various measurements for the dress in sizes S to XXL.",/amazon_fashion/B085RZP5TH.jpg,STYLEWORD,37.93,원피스
B01AKRB1F0,"Dr. Martens Mens Deluge EH Safety Toe Water Proof 6-Eye Boot (UK 9 (US Men's 10, US Women's 11) D - Medium) Black","Fashion Vertical: Footwear

Attributes:
- Main Category: Boot
- Sub Category: Safety Boot
- Fit: Regular
- Sleeve Style: None
- Neck Style: None
- Material: Leather, Rubber
- Pattern / Print / Theme: Solid
- Closure Type: Lace-up
- Gemstone: None
- Frame Material: None
- Lens Material: None
- Lens Type: None
- Occasion: Work, Casual
- Colors: Black
- Sizes: UK 9 (US Men's 10, US Women's 11)
- Age Group: None

Image Descriptions:
- Image 1: A black safety boot with a smooth leather upper and rubber sole. It features metal eyelets for laces and minimal stitching details. The boot has a padded collar for comfort and a robust design suitable for industrial use.
- Image 2: Not available, only one image provided.

Product Information:
{'main_category': 'AMAZON FASHION', 'title': ""Dr. Martens Mens Deluge EH Safety Toe Water Proof 6-Eye Boot (UK 9 (US Men's 10, US Women's 11) D - Medium) Black"", 'average_rating': 3.7, 'rating_number': 6, 'features': array(['Rubber sole'], dtype=object), 'description': array([], dtype=object), 'price': nan, 'images': array([{'thumb': 'https://m.media-amazon.com/images/I/41ZIb-Tf51L._AC_US40_.jpg', 'large': 'https://m.media-amazon.com/images/I/41ZIb-Tf51L._AC_.jpg', 'variant': 'MAIN', 'hi_res': 'https://m.media-amazon.com/images/I/811-ywNalaL._AC_UL1500_.jpg'}], dtype=object), 'videos': array([], dtype=object), 'store': 'Dr. Martens', 'categories': array([], dtype=object), 'details': {'Item model number': 'R21408001', 'Date First Available': 'April 28, 2016', 'Is Discontinued By Manufacturer': 'No', 'Product Dimensions': '13 x 11 x 5 inches; 2.06 Pounds', 'Department': 'Mens'}}",/amazon_fashion/B01AKRB1F0.jpg,Dr. Martens,78.76,기타
B01HOVODEQ,Gillian Julius Multi Tube Bracelet in Silver and Black,"Fashion Vertical: Jewelry

Attributes:
- Main Category: Bracelet
- Sub Category: Multi Tube Bracelet
- Fit: Adjustable
- Sleeve Style: None
- Neck Style: None
- Material: Metal, Nylon
- Pattern / Print / Theme: Solid
- Closure Type: Buckle
- Gemstone: None
- Frame Material: None
- Lens Material: None
- Lens Type: None
- Occasion: Casual, Everyday Wear
- Colors: Silver, Black
- Sizes: One Size

Image Descriptions:
- Image 1: Close-up of a black multi-tube bracelet featuring shiny silver tubes interspersed with black cords. The bracelet appears stacked, showcasing its layered design. 
- Image 2: A detailed view of the bracelet's buckle closure, highlighting a silver-tone rectangular buckle integrated into the design. The black cords are visible, adding texture to the piece.",/amazon_fashion/B01HOVODEQ.jpg,Haley Organics,47.91,기타
B01CIZXCOK,Evolv Flip-Flop Sandals (5),"Fashion Vertical: Footwear

Attributes:
- Main Category: Footwear
- Sub Category: Flip-Flops
- Fit: Standard
- Sleeve Style: N/A
- Neck Style: N/A
- Material: Rubber
- Pattern / Print / Theme: Solid
- Closure Type: Slip-on
- Gemstone: None
- Frame Material: N/A
- Lens Material: N/A
- Lens Type: N/A
- Occasion: Casual
- Colors: Black, Green
- Sizes: N/A
- Age Group: N/A

Image Descriptions:
- Image 1: The image showcases a pair of flip-flop sandals featuring a black rubber sole with a contrasting green trim. The straps are black, made of a durable material, providing a casual and sporty look.
- Image 2: Another view of the flip-flops highlighting the same black base with green detailing. The design is simple and functional, ideal for summer wear or casual outings.",/amazon_fashion/B01CIZXCOK.jpg,Evolv,119.57,기타
B08F57778R,"AVGO Women's High Waist Yoga Leggings with Pockets,Tummy Control Workout Yoga Tight Pants Size S Color Black Camo","Fashion Vertical: Women

Attributes:
- Main Category: Leggings
- Sub Category: Yoga Leggings
- Fit: Slim
- Sleeve Style: N/A
- Neck Style: N/A
- Material: Unknown
- Pattern / Print / Theme: Camo
- Closure Type: Button closure
- Gemstone: None
- Frame Material: N/A
- Lens Material: N/A
- Lens Type: N/A
- Occasion: Workout, Casual
- Colors: Black, Gray
- Sizes: S
- Age Group: N/A

Image Descriptions:
- Image 1: A woman wearing high waist yoga leggings in a black camo pattern. The leggings fit snugly and feature side pockets, ideal for workouts. Her top is a black crop, and she pairs the look with white sneakers.
- Image 2: N/A (only one image provided)

Product Information:
{'main_category': 'AMAZON FASHION', 'title': ""AVGO Women's High Waist Yoga Leggings with Pockets,Tummy Control Workout Yoga Tight Pants Size S Color Black Camo"", 'average_rating': 3.8, 'rating_number': 8, 'features': array(['Button closure'], dtype=object), 'description': array([], dtype=object), 'price': nan, 'images': array([{'thumb': 'https://m.media-amazon.com/images/I/31pmPOtVF6L._AC_SR38,50_.jpg', 'large': 'https://m.media-amazon.com/images/I/31pmPOtVF6L._AC_.jpg', 'variant': 'MAIN', 'hi_res': 'https://m.media-amazon.com/images/I/716Jwksx1cL._AC_UL1500_.jpg'}], dtype=object), 'videos': array([{'title': 'AVGO High Waisted Water Proof Yoga Pants  20104', 'url': 'https://www.amazon.com/vdp/830b88f4c83041109c8a17bc15086ce0?ref=dp_vse_rvc_0'}, {'title': 'AVGO Out Pocket High Waist Yoga Pants 20520', 'url': 'https://www.amazon.com/vdp/a3a4824552964b69bac4c0578daa3f68?ref=dp_vse_rvc_1'}, {'title': 'AVGO High Waisted Water Proof Yoga Pants Soft 20104', 'url': 'https://www.amazon.com/vdp/8fa26fd0b95b4a559c0d3d4ddf3e887b?ref=dp_vse_rvc_2'}], dtype=object), 'store': 'AVGO', 'categories': array([], dtype=object), 'details': {'Item model number': 'AV20520LEGGING205HEIMICAI-S', 'Date First Available': 'February 11, 2021', 'Is Discontinued By Manufacturer': None, 'Product Dimensions': None, 'Package Dimensions': '11.34 x 9.09 x 2.2 inches; 8.78 Ounces'}}",/amazon_fashion/B08F57778R.jpg,AVGO,21.41,하의
B078NH2LR7,Nike Mens Therma Swoosh Essential Pull Over Hoodie Black/Charcoal Heather/White 931991-010 Size X-Large,"Fashion Vertical: Men

Attributes:
- Main Category: Hoodie
- Sub Category: Pullover Hoodie
- Fit: Regular
- Sleeve Style: Full-sleeve
- Neck Style: Hooded
- Material: Polyester
- Pattern / Print / Theme: Solid
- Closure Type: Pull On
- Gemstone: None
- Frame Material: N/A
- Lens Material: N/A
- Lens Type: N/A
- Occasion: Casual
- Colors: Black, Charcoal Heather, White
- Sizes: X-Large
- Age Group: N/A

Image Descriptions:
- Image 1: Front view of a black pullover hoodie with gray sleeves. It features a large white Nike logo on the chest and a drawstring hood.
- Image 2: Back view of the same hoodie, showcasing the black body with gray sleeves. The hood is visible, and the stitching detail adds to its sporty look.

Product Information:
{'main_category': 'AMAZON FASHION', 'title': 'Nike Mens Therma Swoosh Essential Pull Over Hoodie Black/Charcoal Heather/White 931991-010 Size X-Large', 'average_rating': 4.5, 'rating_number': 58, 'features': array(['Pull On closure'], dtype=object), 'description': array([], dtype=object), 'price': nan, 'images': array([{'thumb': 'https://m.media-amazon.com/images/I/412uhWlyt2L._AC_SR38,50_.jpg', 'large': 'https://m.media-amazon.com/images/I/412uhWlyt2L._AC_.jpg', 'variant': 'MAIN', 'hi_res': 'https://m.media-amazon.com/images/I/618X2K6-R1L._AC_UL1500_.jpg'},
       {'thumb': 'https://m.media-amazon.com/images/I/31BmDOXjNdL._AC_SR38,50_.jpg', 'large': 'https://m.media-amazon.com/images/I/31BmDOXjNdL._AC_.jpg', 'variant': 'PT01', 'hi_res': 'https://m.media-amazon.com/images/I/6152agfuquL._AC_UL1500_.jpg'}],
      dtype=object), 'videos': array([], dtype=object), 'store': 'Nike', 'categories': array([], dtype=object), 'details': {'Item model number': '931991-010', 'Date First Available': 'September 11, 2018', 'Is Discontinued By Manufacturer': 'No', 'Product Dimensions': '14.57 x 10.47 x 2.6 inches; 7.76 Ounces', 'Package Dimensions': None, 'Department': 'Mens', 'Theme': None, 'Team Name': None, 'Closure Type': None, 'Brand': None, 'Item Dimensions LxWxH': None, 'Color': None, 'Material': None, 'Pattern': None, 'Age Range (Description)': None, 'Manufacturer recommended age': None, 'Manufacturer': 'Nike', 'Hand Orientation': None, 'Item Package Quantity': None, 'Style': None, 'Item Weight': None, 'Size': None, 'Number of Items': None, 'Unit Count': None, 'Occasion': None, 'Collection Name': None, 'Chain Type': None, 'Reusability': None, 'Brand Name': None, 'Part Number': None, 'Sport Type': None, 'Lining Description': None, 'Sport': None, 'Special Feature': None, 'Product Care Instructions': None, 'Country of Origin': None, 'Shape': None, 'Clasp Type': None, 'Batteries': None, 'Metal Type': None, 'UPC': None, 'Number of settings': None, 'Band Color': None, 'Band Material Type': None, 'Band Size': None, 'Metal Stamp': None, 'Lens Coating Description': None, 'Lens Material': None, 'Fastener Type': None, 'Target Audience': None, 'Frame Material': None, 'Other display features': None, 'Item Length': None, 'Recommended Uses For Product': None, 'Target Species': None, 'Breed Recommendation': None, 'Blanket Form': None, 'Hair Type': None, 'Vehicle Service Type': None, 'Form Factor': None, 'Compatible Phone Models': None, 'Screen Size': None, 'Stone Color': None, 'Primary Stone Gem Type': None, 'Item Diameter': None, 'Number of pieces': None, 'Lens Color': None, 'Manufacturer Part Number': None, 'Fabric Type': None, 'Band Width': None, 'Number of Labels': None, 'Item Package Dimensions L x W x H': None, 'Package Weight': None, 'Item Dimensions  LxWxH': None, 'Suggested Users': None, 'League': None, 'Wireless network technology': None, 'Biometric Security Feature': None, 'Included Components': None, 'Other camera features': None, 'Battery Description': None, 'Batteries required': None, 'Fit Type': None, 'Number Of Pieces': None, 'Batteries Included?': None, 'Batteries Required?': None, 'Filter Class': None, 'Handle Material': None, 'Room Type': None, 'Model Year': None, 'Shaft Material': None, 'Extended Length': None, 'Blade Material': None, 'Wall Art Form': None, 'Frame Type': None, 'Compatible Devices': None, 'Closure': None, 'Material Type': None, 'Exterior': None, 'ABPA Partslink Number': None, 'Mirror Adjustment': None, 'Use for': None, 'Number of Pieces': None, 'Strap Type': None, 'Capacity': None, 'Total Diamond Weight': None, 'Stone Weight': None, 'Warranty Description': None, 'Model Name': None, 'Insole Type': None, 'Units': None, 'Capacity Total': None, 'Outer Material': None, 'Arch Type': None, 'Inner Material': None, 'Water Resistance Level': None, 'Number of Sets': None, 'Item Form': None, 'Mounting Type': None, 'Seasons': None, 'Ultraviolet Light Protection': None, 'Plant or Animal Product Type': None, 'Package Information': None, 'Controller Type': None, 'Language': None, 'Power Source': None, 'Wattage': None, 'Chain Length': None, 'Connectivity Technology': None, 'Printing Technology': None, 'Printer Output': None, 'Maximum Print Speed (Color)': None, 'Max Printspeed Monochrome': None, 'Grip Type': None, 'Installation Type': None, 'Sleeve Type': None, 'Size Map': None, 'Finish Type': None, 'Shell Type': None, 'Refill': None, 'Tick-repellent material': None, 'Import': None, 'Waist (cm)': None, 'Cartoon Character': None, 'Is Stain Resistant': None, 'Compatible Material': None, 'Assembly Required': None, 'Opening Mechanism': None, 'Gauge': None, 'Item Volume': None, 'Light Source Type': None, 'Shade Color': None, 'Shade Material': None, 'Pocket Description': None, 'Band Length': None, 'Measurement Type': None, 'Number of Compartments': None, 'Scent': None, 'Material Feature': None, 'Special Features': None, 'Display Type': None, 'Are Batteries Included': None, 'Watch Movement': None, 'Dial Color': None, 'Connector Type': None, 'Cable Type': None, 'Auto Part Position': None, 'Operation Mode': None, 'Case Material': None, 'Maximum Weight Recommendation': None, 'Color Name': None, 'Stone Cut': None, 'Lock Type': None, 'Wheel Material': None, 'Sole Material': None, 'Floor Area': None, 'Domestic Shipping': None, 'International Shipping': None, 'Gem Type': None, 'Seat Material Type': None, 'Auto Shutoff': None, 'Corner Style': None, 'Product Benefits': None, 'Wallet compartment type': None, 'Finish types': None, 'Is Dishwasher Safe': None, 'Label': None, 'Embellishment': None, 'Flavor': None, 'Surface Recommendation': None, 'Towel form type': None, 'Genre': None, 'Number of Players': None, 'Minimum Age Recomendation': None, 'Specific Uses For Product': None, 'Human Interface Input': None, 'Total USB Ports': None, 'Specification Met': None, 'Main Power Connector Type': None, 'Skill Level': None, 'Surface Recommendation Wall': None, '': None, 'Head Style': None, 'Number Of Pockets': None, 'Care instructions': None, 'National Stock Number': None, 'Battery Capacity': None, 'Sheet Size': None, 'Brightness': None, 'Paper Weight': None, 'Surface Recommendation Plastic': None, 'Occupancy': None, 'Fill Material': None, 'Incontinence Protector Type': None, 'Chest Size': None, 'Fill Material Type': None, 'Item Firmness Description': None, 'Base Type': None, 'Best Sellers Rank': None, 'Total gem weight': None, 'Is Customizable': None, 'Cover Material': None, 'Ink Color': None, 'Material Aluminum': None, 'Furniture Finish': None, 'Material Cotton': None, 'Shelf Type Hanging Shelf': None, 'Number of Hooks': None, 'Material Type Free': None, 'Fuel Type': None, 'Noise Attenuation': None, 'Map Type': None, 'Paper Finish': None, 'Weight Limit': None, 'With Lid': None, 'Unit Grouping': None, 'Total Eaches': None, 'Exterior Finish': None, 'Orientation': None, 'Thickness': None, 'Assembled Height': None, 'Assembled Width': None, 'Assembled Depth': None, 'Weight': None, 'Year': None, 'Shape Round': None, 'Fastener Material': None, 'Our Recommended age': None, 'Maximum Height': None, 'Mounting Type Insert Mount': None, 'Life Vest Type': None, 'Display Style': None, 'Skin Type': None, 'Screen Surface Description': None, 'Material Ceramic': None, 'Age Range Description': None, 'Extension Length': None, 'Perfume': None, 'Installation Type Peel': None, 'Alarm Clock': None, 'Sheet Count': None, 'Insulation Material': None, 'Chamber Height': None, 'Maximum Height Recommendation': None, 'Material Polyester': None, 'Material Glass': None, 'Load Capacity': None, 'Capacity 10.3 Ounces': None, 'Material Vinyl': None, 'Shape Irregular': None, 'Assembly required': None, 'Number of Keys': None, 'Number of Buttons': None, 'Ply Rating': None, 'Material Acrylic': None, 'Capacitance': None, 'Platform': None, 'Liquid Volume': None, 'Model': None, 'Target gender': None, 'material_composition': None, 'Pile Height': None, 'Construction Type': None, 'Back Material Type': None, 'Magnification Strength': None, 'Top Style': None, 'Capacity 11 Ounces': None, 'Voltage': None, 'Is framed?': None, 'Number of Drawers': None, 'Paint Type': None, 'Color Code': None, 'Material Stainless Steel': None, 'Control Type': None, 'Media Type': None, 'Maximum Range': None, 'Battery Cell Composition': None, 'Whats in the box': None, 'Stone treatment method': None, 'Head Type': None, 'Thread Type': None, 'Glove Type': None, 'Warranty Type': None, 'Coverage': None, 'Pillow Type': None, 'Insole Material': None, 'Height Map': None, 'Control Method': None, 'Indoor/Outdoor Usage': None, 'Bottom Shape': None, 'Special features': None, 'Water Resistance Depth': None, 'Surface Recommendation Window': None, 'UV protection': None, 'Package Type': None, 'Shaft Height': None, 'Additional product features': None, 'Number Of Items': None, 'Is portable': None, 'Temperature Rating': None, 'Number of Dividers': None, 'Input Voltage': None, 'Material Metal': None, 'ASTM Fluid Rating': None, 'Controller Type Button Control': None, 'Packaging': None, 'Point Type': None, 'Mounting Type Tabletop Mount': None, 'Charging Time': None, 'Capacity 11 Fluid Ounces, 15 Ounces': None, 'Stone Width': None, 'Stone Length': None, 'Lamp Type': None, 'Specialty': None, 'Top Material Type': None, 'Golf Club Flex': None, 'Rug Form Type': None, 'Assembled Length': None, 'Material Metal, Steel': None, 'Stone Clarity': None, 'Material Plastic': None, 'Occasion Birthday': None, 'Format': None, 'Number of Light Sources': None, 'Handle Type': None, 'Is Waterproof': None, 'Mounting Type Window Mount': None, 'Neck Size': None, 'Material other': None, 'Country/Region of origin': None, 'Grit Number': None, 'Part number': None, 'Number of Batteries': None, 'Surface Recommendation nail': None, 'Wheel Type': None, 'Number Of Discs': None, 'Design': None, 'Connector Gender': None, 'Capacity 16 Fluid Ounces': None, 'Surface Recommendation 2 inch': None, 'Mounting Type Clip On': None, 'Material Acrylonitrile Butadiene Styrene': None, 'Deck Width': None, 'Wheel Size': None, 'Surface Recommendation Window, Wall': None, 'Neck Style': None, 'Shirt form type': None, 'Collar Style': None, 'Lifestyle': None, 'Import Designation': None, 'Bowl Material': None, 'Back Style': None, 'Pages': None, 'Stone Shape': None, 'Bike Type': None, 'Number of Speeds': None, 'Suspension Type': None, 'Brake Style': None, 'Reading Interest (Min. Age)': None, 'Reading Interest (Max. Age)': None, 'Chamber Width': None, 'Hardware Platform': None, 'Max Input Sheet Capacity': None, 'Material Alloy Steel': None, 'Material Polyvinyl Chloride': None, 'Material Other': None, 'Air Gun Power Type': None, 'Material Weather Resistant Fabric and Plastic': None, 'Duration': None, 'Material Stoneware': None, 'Occasion Travel': None}",/amazon_fashion/B078NH2LR7.jpg,Nike,83.05,상의
B07H6Q8GKQ,Kooy Tanner Boyle #12 Bad News Bears Movie 1976 Chico's Bail Bonds Baseball Jersey (Small),"Fashion Vertical: Men

Attributes:
- Main Category: Jersey
- Sub Category: Baseball Jersey
- Fit: Regular
- Sleeve Style: Short-sleeve
- Neck Style: Collared
- Material: Polyester
- Pattern / Print / Theme: Solid
- Closure Type: Button
- Gemstone: None
- Frame Material: N/A
- Lens Material: N/A
- Lens Type: N/A
- Occasion: Casual
- Colors: White, Yellow, Black
- Sizes: S
- Age Group: N/A

Image Descriptions:
- Image 1: A baseball jersey in white with short sleeves, featuring yellow piping along the neck and sleeves, and a large ""BEARS 12"" printed in black on the front. The back has the text ""CHICO'S BAIL BONDS"" and ""let freedom ring"" in black.
- Image 2: Similar to Image 1, showcasing the same design and colors, with focus on the back side with the branding and slogan.
- Image 3: A front view of the jersey highlighting the ""BEARS 12"" in black. The yellow piping detail along the sleeves and collar can be seen clearly.
- Image 4: The back view again emphasizes the branding ""CHICO'S BAIL BONDS"" and the phrase ""let freedom ring,"" maintaining the same color scheme and design as the previous images.",/amazon_fashion/B07H6Q8GKQ.jpg,KOOY,68.55,상의
B01JS0BZ6A,"Cycling Gloves, Dreampark Half Finger Bike Bicycle Road Racing Gloves with Gel Pad Breathable Shock-absorbing Men/Women Gloves (Black+Green, XX-Large)","Fashion Vertical: Unisex

Attributes:
- Main Category: Gloves
- Sub Category: Cycling Gloves
- Fit: Regular
- Sleeve Style: Half-finger
- Neck Style: None
- Material: Polyester, Gel Padding
- Pattern / Print / Theme: Solid
- Closure Type: Slip-on
- Gemstone: None
- Frame Material: None
- Lens Material: None
- Lens Type: None
- Occasion: Sports, Casual
- Colors: Black, Green
- Sizes: XX-Large
- Age Group: None

Image Descriptions:
- Image 1: 
  - Style: Half-finger cycling gloves
  - Colors: Black with green accents
  - Materials: Breathable mesh, padded palm
  - Distinct Features: Reflective detailing, logo on the wrist
- Image 2: 
  - Style: Half-finger cycling gloves shown on hands
  - Colors: Black with green accents
  - Materials: Mixed fabric, gel padding
  - Distinct Features: Ergonomic fit, padded grip, logo visibility
- Image 3: 
  - Style: Close-up of half-finger cycling gloves
  - Colors: Black with green accents
  - Materials: Padded palm, mesh
  - Distinct Features: Focus on padding and finger closure
- Image 4: 
  - Style: Half-finger cycling glove worn
  - Colors: Black with green accents
  - Materials: Breathable fabric
  - Distinct Features: Holding bike handlebar, ergonomic design
- Image 5: 
  - Style: Size guide for cycling gloves
  - Dimensions: Hand circumference measurements provided
  - Colors: N/A
  - Materials: N/A
  - Distinct Features: Sizing chart for unisex gloves",/amazon_fashion/B01JS0BZ6A.jpg,,41.81,기타
B07L9VK8PM,MuCoo Women's Plus Size Swindress Floral Halter Two Pieces Tankini Swimwear Swimsuits 2X Pink,"Fashion Vertical: Women

Attributes:
- Main Category: Swimwear
- Sub Category: Tankini
- Fit: Regular
- Sleeve Style: Sleeveless
- Neck Style: Halter
- Material: Polyester
- Pattern / Print / Theme: Floral
- Closure Type: None
- Gemstone: None
- Frame Material: None
- Lens Material: None
- Lens Type: None
- Occasion: Casual
- Colors: Pink, Black
- Sizes: 2X
- Age Group: None

Image Descriptions:
- Image 1: A model wearing a floral print tankini with a halter neckline in pink and black. The skirt flares out with a unique design.
- Image 2: Similar to Image 1, showcasing the floral patterned tankini from a different angle emphasizing the ruffled edges.
- Image 3: Size chart with detailed measurements for bust, waist, and hip in both centimeters and inches, indicating options from 2XL to 6XL.
- Image 4: A close-up shot of the model showcasing the tankini style and fit, emphasizing the halter neck design and floral print.
- Image 5: The back view of the model wearing the same tankini, displaying the fit and pattern more clearly, with a focus on the halter straps.",/amazon_fashion/B07L9VK8PM.jpg,MuCoo,95.32,원피스
B08DDDW7V3,"Instant Turban for Women Cotton Head Wrap Lightweight Head Scarf, Black","Fashion Vertical: Women

Attributes:
- Main Category: Headwear
- Sub Category: Head Scarf
- Fit: Adjustable
- Sleeve Style: N/A
- Neck Style: N/A
- Material: Cotton
- Pattern / Print / Theme: Solid
- Closure Type: N/A
- Gemstone: None
- Frame Material: N/A
- Lens Material: N/A
- Lens Type: N/A
- Occasion: Casual
- Colors: Black
- Sizes: One size fits most
- Age Group: N/A

Image Descriptions:
- Image 1: A woman wearing a black turban-style head wrap with a braided design. The fabric appears soft and stretchy.
- Image 2: A similar view of the same black turban, showing the braid detail, highlighting its stylish appearance.
- Image 3: Profile view of the turban, emphasizing the fullness and twisted fabric style.
- Image 4: A side view showing how the turban wraps around the head, showcasing its unique braid along the front.
- Image 5: A collage demonstrating how to wear the turban, featuring a mannequin and instructions, displayed as step-by-step visuals.
- Image 6: Lifestyle image of individuals working on fabric, indicating the design and crafting aspect, with a focus on stitching and garment construction.",/amazon_fashion/B08DDDW7V3.jpg,Aisha's Design,22.92,기타
B078X1G9C9,Joules Women's Waterproof Rain Poncho (Gold Botanical Bee),"Fashion Vertical: Women

Attributes:
- Main Category: Poncho
- Sub Category: Waterproof Rain Poncho
- Fit: Regular
- Sleeve Style: Full-sleeve
- Neck Style: Hooded
- Material: Polyester
- Pattern / Print / Theme: Floral (Bee print)
- Closure Type: None (open poncho style)
- Gemstone: None
- Frame Material: None
- Lens Material: None
- Lens Type: None
- Occasion: Casual, Outdoor
- Colors: Yellow
- Sizes: One size
- Age Group: None

Image Descriptions:
- Image 1: Front view of the poncho showing the yellow fabric with bee prints and a hood.
- Image 2: Back view of the poncho displaying the same bee print and the style of the hood.
- Image 3: The poncho neatly folded in a pack-away bag, highlighting portability.
- Image 4: The poncho being worn by a person in an outdoor setting, demonstrating its fit and style paired with rain boots.",/amazon_fashion/B078X1G9C9.jpg,Joules,52.65,아우터
B07Y9Q7S53,Healifty 20pcs Plastic Cord Lock Cord Stoppers for Drawstrings Backpacking Pants Black,"Fashion Vertical: Accessories

Attributes:
- Main Category: Cord Lock
- Sub Category: Plastic Cord Stopper
- Fit: N/A
- Sleeve Style: N/A
- Neck Style: N/A
- Material: Plastic
- Pattern / Print / Theme: Solid
- Closure Type: N/A
- Gemstone: None
- Frame Material: N/A
- Lens Material: N/A
- Lens Type: N/A
- Occasion: Functional
- Colors: Black
- Sizes: N/A
- Age Group: N/A

Image Descriptions:
- Image 1: A group of 10 black plastic cord locks arranged in a row. They feature two holes for drawstrings and have a smooth, rounded design.
- Image 2: Two black plastic cord locks placed on a green fabric background. The locks have two holes and a curved top design.
- Image 3: Two overlapping black plastic cord locks on a white background. Same design with noticeable dual holes for threading.
- Image 4: Two black cord locks beside a measuring scale indicating dimensions (25.5mm, 23.8mm, and 10mm). Features dual holes and flat base.
- Image 5: Two black plastic cord locks shown beside a black strap, demonstrating their functional design. They have two holes for fastening.",/amazon_fashion/B07Y9Q7S53.jpg,Healifty,5.57,기타
B07TBCWSF1,Womens Off Shoulder Layered Ruffles Summer Casual Party Beach Chiffon Mini Dress Burgundy,"Fashion Vertical: Women

Attributes:
- Main Category: Dress
- Sub Category: Mini Dress
- Fit: Regular
- Sleeve Style: Sleeveless
- Neck Style: Off-shoulder
- Material: Chiffon
- Pattern / Print / Theme: Solid
- Closure Type: None
- Gemstone: None
- Frame Material: None
- Lens Material: None
- Lens Type: None
- Occasion: Casual, Party, Beach
- Colors: Burgundy
- Sizes: S, M, L, XL, XXL
- Age Group: None

Image Descriptions:
- Image 1: Front view of a burgundy off-shoulder mini dress with layered ruffles. The dress features an elastic waist and flows loosely down to the hem.
- Image 2: Side view of the same dress, showing the layered ruffle detail and off-shoulder design.
- Image 3: Another side view that emphasizes the fit and ruffle layers of the dress.
- Image 4: Size chart detailing measurements for S (4-6), M (8-10), L (12-14), XL (16-18), and XXL (20-22) with corresponding bust, waist, and length dimensions.",/amazon_fashion/B07TBCWSF1.jpg,Cosonsen,130.09,원피스
B00U7PWHMW,"Del Rossa Womens Fleece Robe, Shawl Collar Bathrobe, Large-XL Pink (A0111PNKXL)","Fashion Vertical: Women

Attributes:
- Main Category: Robe
- Sub Category: Fleece Robe
- Fit: Regular
- Sleeve Style: Full-sleeve
- Neck Style: Shawl Collar
- Material: Fleece
- Pattern / Print / Theme: Solid
- Closure Type: Belted
- Gemstone: None
- Frame & Lens Materials: N/A
- Lens Material: N/A
- Lens Type: N/A
- Occasion: Casual, Loungewear
- Colors: Pink
- Sizes: Large-XL
- Age Group: N/A

Image Descriptions:
- Image 1: A woman in a long pink fleece robe with a shawl collar. The robe has long sleeves and is belted at the waist. It features two side pockets.
- Image 2: The same woman poses with a slight smile, holding the robe's collar. The pink fleece is soft-looking, and the robe maintains a casual yet cozy style.
- Image 3: The woman stands confidently, showcasing the robe's comfortable fit and solid pink color. The fabric appears plush, perfect for loungewear.",/amazon_fashion/B00U7PWHMW.jpg,Alexander Del Rossa,28.29,원피스
B08BFSXYCY,SweatyRocks Women's Floral Print Crop Tops Short Sleeve V-Neck Tee T Shirt Printed Navy Large,"Fashion Vertical: Women

Attributes:
- Main Category: Top
- Sub Category: Crop Top
- Fit: Regular
- Sleeve Style: Short Sleeve
- Neck Style: V-neck
- Material: 95% Cotton, 5% Spandex
- Pattern / Print / Theme: Floral
- Closure Type: None
- Gemstone: None
- Frame Material: None
- Lens Material: None
- Lens Type: None
- Occasion: Casual
- Colors: Navy, White (floral print)
- Sizes: S, M, L
- Age Group: None

Image Descriptions:
- Image 1: Front view of a navy floral print crop top; features short sleeves and a V-neck design; primarily navy with white floral details.
- Image 2: Back view showing the same navy floral crop top hanging on a wooden hanger; highlights the floral pattern and short sleeves.
- Image 3: Close-up of the top highlighting the V-neck detail and floral print; shows the fabric quality and stitching.
- Image 4: Close-up focusing on the sleeve detail of the navy floral crop top; reveals the material and print texture.
- Image 5: Size chart image listing measurements in CM for sizes S, M, and L; dimensions include shoulder, bust, length, sleeve length, and cuff size.",/amazon_fashion/B08BFSXYCY.jpg,SweatyRocks,20.99,상의
B004HKWU20,Juniperus Scop. 'Skyrocket' - Skyrocket Juniper,"Fashion Vertical: Unisex

Attributes:
- Main Category: Plant
- Sub Category: Evergreen Shrub
- Fit: N/A
- Sleeve Style: N/A
- Neck Style: N/A
- Material: None
- Pattern / Print / Theme: N/A
- Closure Type: N/A
- Gemstone: None
- Frame Material: N/A
- Lens Material: N/A
- Lens Type: N/A
- Occasion: Landscaping
- Colors: Bluish-green
- Sizes: 6 to 12 inches tall
- Age Group: N/A

Image Descriptions:
- Image 1: A tall, narrow evergreen shrub with bluish-green foliage, approximately 6 to 12 inches tall. The plant has long, acicular needles and is shown standing upright in a garden setting.",/amazon_fashion/B004HKWU20.jpg,Holly Hill Nurseries,15.32,기타
B07FFFZQM3,Ringo 10 Pack with Invisible Ring Size Adjusters for Loose Rings (XL and XXL Size),"Fashion Vertical: Jewelry

Attributes:
- Main Category: Ring Accessories
- Sub Category: Adjustable Ring Sizers
- Fit: Adjustable
- Sleeve Style: N/A
- Neck Style: N/A
- Material: Plastic
- Pattern / Print / Theme: Clear
- Closure Type: Slip-on
- Gemstone: None
- Frame Material: N/A
- Lens Material: N/A
- Lens Type: N/A
- Occasion: Everyday Use
- Colors: Clear
- Sizes: 5-XXL
- Age Group: N/A

Image Descriptions:
- Image 1: A gold-colored adjustable ring with three clear stones; appears elegant and ornate.
- Image 2: Package containing ten clear ring size adjusters labeled ""10 RINGOS 5-XL 5-XXL""; simple and functional design.
- Image 3: Chart showing different ring widths with corresponding size adjusters (XS to XXL) and instructions for sizing; instructional graphics.
- Image 4: Step-by-step visual guide showing how to use the adjuster with a ring; helpful for users.
- Image 5: Collage of lifestyle images demonstrating the adjustability of rings during various activities (e.g., cycling, swimming); showcases versatility.
- Image 6: Close-up of a hand wearing a ring with an adjustable size; features a handbag in the background.
- Image 7: Image of a hand washing dishes while wearing a ring; emphasizes the practical usage of the adjuster.
- Image 8: Woman holding a phone while wearing a distinct ring; highlights everyday wear.",/amazon_fashion/B07FFFZQM3.jpg,Chrome Cherry,17.14,기타
B081W5NWC7,Ldurian 2 Pairs Retro Long Colorful Feather Tassel Dangle Earrings charm jewelry set Gift box,"Fashion Vertical: Jewelry

Attributes:
- Main Category: Earrings
- Sub Category: Dangle Earrings
- Fit: N/A
- Sleeve Style: N/A
- Neck Style: N/A
- Material: Metal, Feather
- Pattern / Print / Theme: N/A
- Closure Type: Hook
- Gemstone: None
- Frame Material: N/A
- Lens Material: N/A
- Lens Type: N/A
- Occasion: Casual, Festive
- Colors: Silver, Black, White, Gold
- Sizes: N/A
- Age Group: N/A

Image Descriptions:
- Image 1: Features two pairs of dangle earrings. The left pair showcases a combination of black and white feathers with metallic chains, while the right pair has golden accents and features a more intricate design with white feathers. The earrings have a hook closure style.
- Image 2: Not applicable (only one image provided).",/amazon_fashion/B081W5NWC7.jpg,Ldurian,77.14,기타
B01BWMLBCK,UER Women's Fashion Handcrafted Cow Leather Metal Handle Handbag Tote Bag with Shoulder Strap,"Fashion Vertical: Bags

Attributes:
- Main Category: Handbag
- Sub Category: Tote Bag
- Fit: N/A
- Sleeve Style: N/A
- Neck Style: N/A
- Material: Cow Leather
- Pattern / Print / Theme: Solid
- Closure Type: Slip-on
- Gemstone: None
- Frame Material: N/A
- Lens Material: N/A
- Lens Type: N/A
- Occasion: Casual
- Colors: Black
- Sizes: N/A
- Age Group: N/A

Image Descriptions:
- Image 1: A sleek black tote handbag with a metal handle on top, showcasing a minimalist design.
- Image 2: Similar black tote showcasing a front pocket detail, retaining the metal handle design.
- Image 3: Side view of the tote bag emphasizing the structured shape, still featuring the metal handle.
- Image 4: Top-down view highlighting the spacious interior and smooth leather texture of the bag.
- Image 5: The handbag displayed against an iPad to illustrate its size, maintaining the minimalist style.
- Image 6: Another front view of the black tote bag, this time featuring a price tag attached, retaining its simple elegance.",/amazon_fashion/B01BWMLBCK.jpg,UER,176.60,기타
B07N7HNCV9,ZAFUL Women Mesh Panel Bikini Set Triangle Plunge Bikini Two Pieces Swimwear Swimsuit Black Large,"Fashion Vertical: Women

Attributes:
- Main Category: Swimwear
- Sub Category: Bikini
- Fit: Regular
- Sleeve Style: None
- Neck Style: Triangle
- Material: Polyester, Mesh
- Pattern / Print / Theme: Solid
- Closure Type: None
- Gemstone: None
- Frame Material: None
- Lens Material: None
- Lens Type: None
- Occasion: Casual, Beach
- Colors: Black
- Sizes: L
- Age Group: None

Image Descriptions:
- Image 1: Features a black mesh panel bikini top with a triangle plunge design. The straps are wide and made of a solid material.
- Image 2: Similar to Image 1, showing the bikini top and bottom from a slightly different angle, emphasizing the mesh detailing.
- Image 3: A sizing chart showing size conversions for S, M, and L, including U.S. sizes.
- Image 4: Another view of the bikini set, highlighting the triangle top and the smooth black bikini bottom.
- Image 5: Close-up of the bikini top, showcasing the mesh paneling on the triangle design.
- Image 6: Close-up of the bikini bottom, focusing on the smooth fabric and stitching details.",/amazon_fashion/B07N7HNCV9.jpg,ZAFUL,99.07,원피스
B00F4HQC7E,Oris Artelier Date Silver Dial Stainless Steel Men's Watch 73376704351MB,"Fashion Vertical: Accessories

Attributes:
- Main Category: Watch
- Sub Category: Analog Watch
- Fit: Regular
- Sleeve Style: N/A
- Neck Style: N/A
- Material: Stainless Steel
- Pattern / Print / Theme: Solid
- Closure Type: N/A
- Gemstone: None
- Frame Material: N/A
- Lens Material: N/A
- Lens Type: N/A
- Occasion: Casual, Formal
- Colors: Silver, Gold
- Sizes: N/A
- Age Group: N/A

Image Descriptions:
- Image 1: Features a sleek analog watch with a silver and gold two-tone stainless steel bracelet. The round case has a silver dial with gold accents. Visible dimensions are not provided.
- Image 2: Shows a close-up of the watch emphasizing the silver and gold details on the face and bracelet. The crown is visible for time adjustments.
- Image 3: Displays the back of the watch, revealing the Swiss movement and detailed craftsmanship. The band continues the alternating silver and gold pattern.
- Image 4: Depicts the watch's packaging, a sleek black box with intricate designs and a red accent, suitable for gifting.",/amazon_fashion/B00F4HQC7E.jpg,Oris,1450.0,기타
B0748CX3BY,"JIASUQI Kids Boys Girls Fashion Barefoot Aqua Water Skin Shoes for Beach Sand Swim Aerobics,Pink Dophin 18-24 Months","Fashion Vertical: Kids

Attributes:
- Main Category: Footwear
- Sub Category: Aqua Water Shoes
- Fit: Regular
- Sleeve Style: None
- Neck Style: Slip-on
- Material: Fabric, Rubber
- Pattern / Print / Theme: Cartoon, Dolphin, Rainbow
- Closure Type: Slip-on
- Gemstone: None
- Frame Material: None
- Lens Material: None
- Lens Type: None
- Occasion: Beach, Swimming
- Colors: Pink, Blue, White
- Sizes: 18-24 Months
- Age Group: Infant

Image Descriptions:
- Image 1: Close-up view of the shoes featuring a pink upper with a blue accent and a cartoon dolphin print. 
- Image 2: Side profile of the shoes showing the slip-on design, with a focus on the dolphin and rainbow print.
- Image 3: Collage of kids wearing similar aqua shoes in various settings, including beach and outdoor playdates.
- Image 4: Front view emphasizing the dolphin graphic and the vibrant color scheme of pink and blue.
- Image 5: Demonstrates the shoe’s flexibility while being pressed, showcasing the material and sole.
- Image 6: Bottom view highlighting the textured rubber sole designed to provide grip for wet surfaces.",/amazon_fashion/B0748CX3BY.jpg,JIASUQI,120.08,기타
B01ANENDQ0,Allegra K Women Buttons Decor Mock Pockets Ruched Blouse Purple S,"Fashion Vertical: Women

Attributes:
- Main Category: Blouse
- Sub Category: Ruched Blouse
- Fit: Regular
- Sleeve Style: Full-sleeve
- Neck Style: Round neck
- Material: Polyester
- Pattern / Print / Theme: Solid
- Closure Type: Button closure
- Gemstone: None
- Frame Material: N/A
- Lens Material: N/A
- Lens Type: N/A
- Occasion: Casual
- Colors: Purple
- Sizes: S
- Age Group: N/A

Image Descriptions:
- Image 1: A front view of a woman wearing a purple blouse with buttons and mock pockets. The blouse has a straight fit and full sleeves with a slight puff at the shoulders.
- Image 2: A side view showcasing the same blouse, highlighting the fit and sleeve style. 
- Image 3: A closer front view emphasizing the button details and the overall cut of the blouse.
- Image 4: A back view that displays the blouse’s design, showing the shoulder details and overall fit from behind.
- Image 5: A close-up of the shoulder area, focusing on the fabric texture and button details on the blouse.
- Image 6: A close-up of the neckline, showing the button and pocket detail with the brand label visible.",/amazon_fashion/B01ANENDQ0.jpg,Allegra K,51.66,상의
B08HYTMKD7,PL PERFORMLINE Women's Outdoor Lightweight Quick Dry Sportswear Water Resistant Hiking Pants with 3 Zipper Pockets Black L,"Fashion Vertical: Women

Attributes:
- Main Category: Pants
- Sub Category: Hiking Pants
- Fit: Regular
- Sleeve Style: N/A
- Neck Style: N/A
- Material: Polyester
- Pattern / Print / Theme: Solid
- Closure Type: Drawstring
- Gemstone: None
- Frame Material: N/A
- Lens Material: N/A
- Lens Type: N/A
- Occasion: Casual, Outdoor
- Colors: Black
- Sizes: L
- Age Group: N/A

Image Descriptions:
- Image 1: Front view of black hiking pants, featuring a drawstring waist and gathered ankles. The model is wearing a crop top with a sporty style.
- Image 2: Back view of the hiking pants showcasing a simple, sleek design. The model has a ponytail and is wearing the same crop top as in the first image.
- Image 3: Close-up of the pants highlighting the drawstring closure and side zipper pockets. Suggests functionality suited for outdoor activities.
- Image 4: Side view of the pants, emphasizing the relaxed fit and the cropped ankle style. The model wears sporty shoes.
- Image 5: Another side angle showing the pants and their drawstring feature. It highlights the simplicity and functionality perfect for casual wear.
- Image 6: Size chart image displaying the dimensions for various sizes, including waist, hips, and length measures in both CM and inches.",/amazon_fashion/B08HYTMKD7.jpg,PL PERFORMLINE,51.98,하의
B07K7JLPJR,"Mathea Women's Eyelash Lace Babydoll Lingerie Mesh Nightwear Set Sheer Nightgown(Large,White)","Fashion Vertical: Women

Attributes:
- Main Category: Lingerie
- Sub Category: Babydoll Nightwear
- Fit: Regular
- Sleeve Style: Cap sleeve
- Neck Style: V-neck
- Material: Lace, Mesh
- Pattern / Print / Theme: Solid
- Closure Type: Tie
- Gemstone: None
- Frame Material: None
- Lens Material: None
- Lens Type: None
- Occasion: Casual
- Colors: White
- Sizes: Large
- Age Group: None

Image Descriptions:
- Image 1: This image showcases a sheer white babydoll lingerie set featuring eyelash lace detailing, with cap sleeves and a V-neck. The fabric appears light and delicate, enhancing the softness of the lace.
- Image 2: Similar to the first, this image highlights the sheer white lace with a slightly different angle, emphasizing the waist tie and floral patterns on the lace.
- Image 3: This angle emphasizes the neckline contours and lace detailing, showcasing the transparency of the babydoll.
- Image 4: A close-up view of the front side where the babydoll is flowing with intricate lace, highlighting the softness of the fabric.
- Image 5: The back view of the babydoll, revealing a tie closure with lace details surrounding it, accentuating the back design and openness.",/amazon_fashion/B07K7JLPJR.jpg,Mathea,57.43,기타
B0838LSPPV,"Simply Petals Girl's Cute Slip On Jersey Ballet Flats, Black, 2","Fashion Vertical: Kids

Attributes:
- Main Category: Footwear
- Sub Category: Ballet Flats
- Fit: Regular
- Sleeve Style: N/A
- Neck Style: N/A
- Material: Fabric
- Pattern / Print / Theme: Solid
- Closure Type: Slip-on
- Gemstone: None
- Frame Material: N/A
- Lens Material: N/A
- Lens Type: N/A
- Occasion: Casual
- Colors: Black
- Sizes: 2
- Age Group: Child

Image Descriptions:
- Image 1: A black ballet flat with a rounded toe. The outer material appears to be a soft fabric. The insole features a floral print.
- Image 2: A side view of the black ballet flat showing a strap design. The same floral print is visible on the interior lining.
- Image 3: A top-down view of the ballet flat, featuring the same black fabric and strap over the top. The intricate floral detail of the insole is visible.",/amazon_fashion/B0838LSPPV.jpg,Simply Petals,137.57,기타
B07DVWZTD7,Chain Stitch Men's Long Sleeve Flap Pocket Casual Chambray Cotton Shirt Navy X-Large,"Fashion Vertical: Men

Attributes:
- Main Category: Shirt
- Sub Category: Chambray Shirt
- Fit: Regular
- Sleeve Style: Full-sleeve
- Neck Style: Collared
- Material: Cotton
- Pattern / Print / Theme: Solid
- Closure Type: Button
- Gemstone: None
- Frame Material: None
- Lens Material: None
- Lens Type: None
- Occasion: Casual
- Colors: Navy
- Sizes: X-Large
- Age Group: None

Image Descriptions:
- Image 1: Front view of a navy chambray shirt with two flap pockets and button closure, featuring white stitching details.
- Image 2: Back view showing the full-length back of the navy shirt, with a smooth finish and no visible logos.
- Image 3: Close-up of the collar and tag, highlighting the collar style and the 'Chain Stitch' brand label.
- Image 4: Close-up of the front with attention to the two flap pockets and button details, showing the construction and stitching.
- Image 5: Close-up of the cuff area displaying button details and the rolled sleeve finish, emphasizing material quality.",/amazon_fashion/B07DVWZTD7.jpg,Chain Stitch,75.92,상의
B07GZ6QH17,Carson Wentz Philadelphia Eagles NFL Kids 4-7 Black Alternate Mid-Tier Jersey (Kids 7),"Fashion Vertical: Kids

Attributes:
- Main Category: Jersey
- Sub Category: Sport Jersey
- Fit: Regular
- Sleeve Style: Short Sleeve
- Neck Style: V-neck
- Material: Polyester
- Pattern / Print / Theme: Solid
- Closure Type: Pull On
- Gemstone: None
- Frame Material: None
- Lens Material: None
- Lens Type: None
- Occasion: Casual, Sports
- Colors: Black, Green, White
- Sizes: 4-7
- Age Group: Child

Image Descriptions:
- Image 1: Front view of a black sports jersey with the number ""11"" prominently displayed in white and teal. The jersey has a V-neck design and short sleeves. The Eagles logo is on the shoulders.
- Image 2: Back view of the same jersey featuring the name ""WENTZ"" above the number ""11"". The black fabric maintains the same design as the front with the Eagles logo on the shoulders.",/amazon_fashion/B07GZ6QH17.jpg,Outerstuff,70.53,상의
B01N1YYHL5,Inspired Silver Gold Plated Just Breathe Bar Necklace,"Fashion Vertical: Jewelry

Attributes:
- Main Category: Necklace
- Sub Category: Bar Necklace
- Fit: Adjustable
- Sleeve Style: N/A
- Neck Style: N/A
- Material: Metal
- Pattern / Print / Theme: Engraved
- Closure Type: N/A
- Gemstone: None
- Frame Material: N/A
- Lens Material: N/A
- Lens Type: N/A
- Occasion: Casual
- Colors: Gold
- Sizes: Adjustable
- Age Group: N/A

Image Descriptions:
- Image 1: A close-up of a gold-plated bar necklace with the inscription ""Just Breathe"" and a dandelion motif. The necklace has a sleek, minimalist design.
- Image 2: Another view of the same gold bar necklace with the same inscription and design, emphasizing its shine and simplicity.
- Image 3: The necklace resting on colorful autumn leaves, showcasing its gold color against the vibrant background. The inscription and dandelion motif are clearly visible.
- Image 4: A repeat view of the necklace focusing on its design and the ""Just Breathe"" engraving, highlighting its elegant and uplifting message.",/amazon_fashion/B01N1YYHL5.jpg,Inspired Silver,106.60,기타
B0734NV2TS,"Running Yoga Headbands for Women & Men - Moisture Wicking & Non-Slip Sweat Exercise Headband - Performance Stretch & Ideal for Sports, Workout, Fashion & Travel","Fashion Vertical: Unisex

Attributes:
- Main Category: Headband
- Sub Category: Performance Headband
- Fit: Regular
- Sleeve Style: None
- Neck Style: None
- Material: Silicone
- Pattern / Print / Theme: Solid, Textured
- Closure Type: None
- Gemstone: None
- Frame Material: None
- Lens Material: None
- Lens Type: None
- Occasion: Sports, Workout, Casual
- Colors: Blue, Light Blue
- Sizes: One Size
- Age Group: None

Image Descriptions:
- Image 1: A woman wearing a blue headband, smiling, with a textured pattern visible. The headband fits snugly and is oriented horizontally on her head.
- Image 2: Side profile of the same woman wearing the blue headband, showing the fit around her head, emphasizing the texture of the fabric.
- Image 3: The woman stands facing forward, wearing a black tank top, showcasing the headband prominently on her forehead.
- Image 4: Similar pose as the previous image, but with a playful smile, black tank top, and the blue headband still visible.
- Image 5: The headband laid flat, displaying the blue textured pattern and length. The dimensions are not specified.",/amazon_fashion/B0734NV2TS.jpg,Tough Headwear,13.31,기타
B01M1KTQ51,"Favorite Characters Batman Boys Lighted Sneaker Shoes (11 Little Kid M, Batman Black/Grey)","Fashion Vertical: Kids

Attributes:
- Main Category: Footwear
- Sub Category: Sneakers
- Fit: Regular
- Sleeve Style: N/A
- Neck Style: N/A
- Material: Synthetic
- Pattern / Print / Theme: Batman
- Closure Type: Velcro
- Gemstone: None
- Frame Material: N/A
- Lens Material: N/A
- Lens Type: N/A
- Occasion: Casual
- Colors: Black, Grey, Yellow
- Sizes: 11 Little Kid
- Age Group: Toddler

Image Descriptions:
- Image 1: A black and grey sneaker with a playful Batman design. Features a Velcro strap for closure and yellow accents. The shoe has a sporty design with a thick sole.
- Image 2: Similar to image 1 but showcasing the lateral side, emphasizing the Batman logo and yellow detailing. The front section has a slight curve indicating a fitted toe.
- Image 3: The shoe is shown from the side, with a primarily black exterior and minimal detailing, showing off its sleek design. A Velcro strap is located over the tongue area.
- Image 4: The back view displays the ""BATMAN"" lettering in yellow against the black background, giving a fun and branded look with contrasting color stripes.",/amazon_fashion/B01M1KTQ51.jpg,BATMAN,30.25,기타
B01KBSU8N4,"Neleus Women's 3 Pack Dry Fit Compression Athletic Tank Top,3 Pack:Blue,Red,Rose,US S,EU M","Fashion Vertical: Women

Attributes:
- Main Category: Athletic Tank Top
- Sub Category: Compression Tank Top
- Fit: Slim
- Sleeve Style: Sleeveless
- Neck Style: Round neck
- Material: Polyester
- Pattern / Print / Theme: Solid
- Closure Type: None
- Gemstone: None
- Frame Material: None
- Lens Material: None
- Lens Type: None
- Occasion: Sports
- Colors: Blue, Red, Pink
- Sizes: S, M, L, XL
- Age Group: None

Image Descriptions:
- Image 1: Three tank tops displayed in colors blue, red, and pink; all have a sleek, slim fit and are made of a stretchy material.
- Image 2: A model wearing a blue tank top with black shorts, showcasing the back and side view, highlighting the tank's fit and design details.
- Image 3: The model in a pink tank top and black shorts, displaying the back and front views, emphasizing the tank's athletic design.
- Image 4: The model shows off the red tank top paired with black shorts, presenting a confident pose from multiple angles.
- Image 5: The model features a close-up of the pink tank top, focusing on the fit and movement while walking, paired with black shorts.
- Image 6: A Size Chart displaying sizes and corresponding measurements for bust and length, indicating the sizes available for the tank tops.",/amazon_fashion/B01KBSU8N4.jpg,NELEUS,32.27,상의
B01G2LPA6O,"GW Mens16285 Chukka Boots , Blue, 9 D(M) US","Fashion Vertical: Footwear

Attributes:
- Main Category: Boots
- Sub Category: Chukka Boots
- Fit: Regular
- Sleeve Style: N/A
- Neck Style: N/A
- Material: Suede
- Pattern / Print / Theme: Solid
- Closure Type: Lace-up
- Gemstone: None
- Frame Material: N/A
- Lens Material: N/A
- Lens Type: N/A
- Occasion: Casual
- Colors: Blue
- Sizes: 9 D(M) US
- Age Group: N/A

Image Descriptions:
- Image 1: Side view of blue chukka boots in suede material, highlighting the lace-up design and a brown sole.
- Image 2: Profile view of the boots emphasizing their sleek shape and navy suede finish.
- Image 3: Another side profile showcasing the overall boot structure and high-quality material.
- Image 4: Frontal view, focusing on the laces and opening of the boot.
- Image 5: Rear view highlighting the height of the shaft and back design.
- Image 6: Top-down view showcasing the lace design and internal lining.",/amazon_fashion/B01G2LPA6O.jpg,GLOBALWIN,149.53,기타
B000IBUNGW,Oval Cut Carnelian Drop Earrings Sterling Silver,"Fashion Vertical: Jewelry

Attributes:
- Main Category: Earrings
- Sub Category: Drop Earrings
- Fit: N/A
- Sleeve Style: N/A
- Neck Style: N/A
- Material: Sterling Silver, Carnelian
- Pattern / Print / Theme: Solid
- Closure Type: Push back
- Gemstone: Carnelian
- Frame Material: N/A
- Lens Material: N/A
- Lens Type: N/A
- Occasion: Casual, Formal
- Colors: Silver, Red
- Sizes: N/A
- Age Group: N/A

Image Descriptions:
- Image 1: The earrings feature a drop style with an oval cabochon cut genuine carnelian stone set in a sterling silver frame. The overall color scheme includes vibrant red from the carnelian and the shiny silver of the metal. The earrings have an intricate braided design around the gemstone, enhancing their vintage appeal.",/amazon_fashion/B000IBUNGW.jpg,Peora,23.90,기타
B0117OVW0Y,Dog Cat Lover Gift Infinite Love Infinity Symbol Long Sleeve T-Shirt 2XL Navy,"Fashion Vertical: Unisex

Attributes:
- Main Category: T-Shirt
- Sub Category: Long Sleeve T-Shirt
- Fit: Regular
- Sleeve Style: Full-sleeve
- Neck Style: Round neck
- Material: Cotton, Polyester
- Pattern / Print / Theme: Solid, Graphic Print
- Closure Type: None
- Gemstone: None
- Frame Material: None
- Lens Material: None
- Lens Type: None
- Occasion: Casual
- Colors: Navy
- Sizes: 2XL
- Age Group: None

Image Descriptions:
- Image 1: A navy long sleeve t-shirt featuring a graphic print of an infinity symbol intertwined with a heart and a paw print in white. The fabric appears to be soft and the fit is regular.
- Image 2: A close-up view of the same graphic print on the t-shirt, showcasing the intricate design of the infinity symbol, heart, and paw print against the navy background. The print is prominently displayed in white.",/amazon_fashion/B0117OVW0Y.jpg,ThisWear,33.22,상의
B00IM5JJWK,Frye Dorado Chelsea Whiskey Smooth Polished Veg 7.5 B (M),"Fashion Vertical: Footwear

Attributes:
- Main Category: Boots
- Sub Category: Chelsea Boots
- Fit: Regular
- Sleeve Style: N/A
- Neck Style: N/A
- Material: Leather
- Pattern / Print / Theme: Solid
- Closure Type: Slip-on
- Gemstone: None
- Frame Material: N/A
- Lens Material: N/A
- Lens Type: N/A
- Occasion: Casual, Formal
- Colors: Whiskey (Brown)
- Sizes: 7.5 B (M)
- Age Group: N/A

Image Descriptions:
- Image 1: A close-up view of a brown Chelsea boot featuring a smooth polished leather exterior and elastic side panels for easy slip-on access. The boot has a slightly pointed toe and a stacked heel, showcasing a stylish but classic look.
- Image 2: N/A (not provided)",/amazon_fashion/B00IM5JJWK.jpg,Frye,79.98,기타
B09192FQB2,"HIVOF Fashion Girls Bras 14-16/12-14 Thin Strap Bras for Girls Pack (3White+3skin Tone, 14-16)","Fashion Vertical: Kids

Attributes:
- Main Category: Bras
- Sub Category: Thin Strap Bras
- Fit: Regular
- Sleeve Style: None
- Neck Style: None
- Material: Cotton, Polyester
- Pattern / Print / Theme: Solid
- Closure Type: None
- Gemstone: None
- Frame Material: None
- Lens Material: None
- Lens Type: None
- Occasion: Casual
- Colors: White, Skin Tone, Blue
- Sizes: 12-14, 14-16
- Age Group: Teen

Image Descriptions:
- Image 1: A pack of three bras displayed in white and skin tone colors, featuring thin straps and a simple design, made from soft materials. 
- Image 2: A single blue bra with thin straps and a triangular shape, showcasing a smooth texture.
- Image 3: Close-up of blue fabric texture indicating colorfastness, showcasing durability after cleaning, with droplets of water on it.
- Image 4: A close-up of the blue bra's elastic band, highlighting its flexibility and adaptability to various sizes.
- Image 5: A blue bra being held above a steaming surface, illustrating its breathable quality, resembling a second skin.
- Image 6: A nude-colored bra presented on a neutral background, decorated with small natural elements like a clock and a decorative flower, indicating its casual appeal.
- Image 7: A size chart featuring measurements for small, medium, and large bras, with clear illustrations of suitable ages and chest sizes.",/amazon_fashion/B09192FQB2.jpg,HIVOF,26.41,상의
B0881P198J,FGYUI Selena Quintanilla Hoodie Pullover Sweatshirt Sweater for Men/Women/Youth,"Fashion Vertical: Unisex

Attributes:
- Main Category: Hoodie
- Sub Category: Pullover Sweatshirt
- Fit: Regular
- Sleeve Style: Full-sleeve
- Neck Style: Hooded
- Material: Cotton (assumed based on typical hoodie material)
- Pattern / Print / Theme: Graphic Print
- Closure Type: None (pullover style)
- Gemstone: None
- Frame Material: None
- Lens Material: None
- Lens Type: None
- Occasion: Casual
- Colors: Black, White
- Sizes: XS, S, M, L, XL, 2XL, 3XL, 4XL, 5XL
- Age Group: None

Image Descriptions:
- Image 1: Front view of the hoodie showcasing a graphic print of a woman in a white shirt, with the name ""Selena"" printed in a stylish font. The hoodie is predominantly black with a white interior lining.
- Image 2: Back view of the same hoodie showing the graphic print continues, emphasizing the black and white design. The model's expression remains prominent.
- Image 3: Size chart image displaying measurements in centimeters for different sizes, templated for unisex fit. It includes bust measurements and length details for various sizes.",/amazon_fashion/B0881P198J.jpg,FGYUI,70.47,상의
B00EE8DTC0,Bling Jewelry Victorian Vintage Style Wedding Holiday Purple Crystal Filigree Pave Bridal Fashion Large Statement Ribbon Bow Scarf Brooch Pin for Women Silver Plated Dangle Teardrop,"Fashion Vertical: Jewelry

Attributes:
- Main Category: Brooch
- Sub Category: Statement Brooch
- Fit: N/A
- Sleeve Style: N/A
- Neck Style: N/A
- Material: Silver Plated, Crystal
- Pattern / Print / Theme: Floral, Ribbon Bow
- Closure Type: Pin
- Gemstone: Purple Crystal
- Frame Material: Silver
- Lens Material: N/A
- Lens Type: N/A
- Occasion: Formal, Wedding, Holiday
- Colors: Purple, Silver
- Sizes: N/A
- Age Group: N/A

Image Descriptions:
- Image 1: A large statement brooch in the shape of a ribbon bow adorned with multiple purple crystals and a teardrop crystal hanging from the center. The design is intricate with floral patterns, set in silver plating.
- Image 2: A close-up view of the same brooch but without the crystals, showcasing the silver plating and lace-like structure. The teardrop feature is visible but lacks the colorful embellishments.
- Image 3: An illustration showing the brooch pinned on a shirt. The brooch's size relative to an average adult's chest is demonstrated, showing its prominent decorative style.",/amazon_fashion/B00EE8DTC0.jpg,Bling Jewelry,32.40,기타
B00CHE7OWO,Dual Raven Celtic Tattoo T-shirt/tee - Kiwi 3X-Large,"Fashion Vertical: Men

Attributes:
- Main Category: T-shirt
- Sub Category: Graphic Tee
- Fit: Regular
- Sleeve Style: Short-sleeve
- Neck Style: Crew neck
- Material: Cotton
- Pattern / Print / Theme: Graphic, Celtic
- Closure Type: None
- Gemstone: None
- Frame Material: None
- Lens Material: None
- Lens Type: None
- Occasion: Casual
- Colors: Kiwi (Green), Black (Print)
- Sizes: 3X-Large
- Age Group: None

Image Descriptions:
- Image 1: A kiwi green T-shirt with a black Celtic tattoo design featuring two ravens. Made of 100% cotton. The shirt has short sleeves and a crew neck.
- Image 2: A color palette and measurement chart. Displays various colors available for the T-shirt along with finished measurements for different sizes (S, M, L, XL, 2XL, 3XL, 4XL, 5XL). The colors include various shades like orange, blue, and green.",/amazon_fashion/B00CHE7OWO.jpg,Dolphin Shirt Co,33.63,상의
B07HBBBZMH,"My Destiny Girls' 2-Piece Legging Pant Set, Grey Be Youtiful, Size 6X","Fashion Vertical: Kids

Attributes:
- Main Category: Legging Pant Set
- Sub Category: Top and Leggings Set
- Fit: Regular
- Sleeve Style: Full-sleeve
- Neck Style: Round neck
- Material: Cotton
- Pattern / Print / Theme: Butterfly print
- Closure Type: None
- Gemstone: None
- Frame Material: None
- Lens Material: None
- Lens Type: None
- Occasion: Casual
- Colors: Grey, Pink, Multicolor (Butterfly print)
- Sizes: 6X
- Age Group: Child

Image Descriptions:
- Image 1: Features a grey long-sleeve top with a flared hem, decorated with a ""Be You tiful"" print and colorful butterfly graphics, paired with pink leggings that have a butterfly print. 
- Image 2: Close-up of the grey top, showcasing the same ""Be You tiful"" print and butterfly designs, with delicate lace details on the shoulders.
- Image 3: Focuses on the pink leggings, highlighting the butterfly print in red, pink, and blue.
- Image 4: Shows the back of the grey top, emphasizing the lace details on the shoulders and the rounded hem.
- Image 5: Displays the ""My Destiny"" brand logo, featuring the name in a stylized white font on a black background with gold accents.",/amazon_fashion/B07HBBBZMH.jpg,My Destiny,75.60,원피스
B072SLJRBG,Bra Pads Inserts Breathable Comfortable Padded Sports Cups Bra Insert 2 Pairs A/B B/C Bule By Nimiah,"Fashion Vertical: Women

Attributes:
- Main Category: Bra Pads
- Sub Category: Sports Cups
- Fit: Regular
- Sleeve Style: None
- Neck Style: None
- Material: Nylon, Spandex
- Pattern / Print / Theme: Solid
- Closure Type: None
- Gemstone: None
- Frame Material: None
- Lens Material: None
- Lens Type: None
- Occasion: Casual, Sports
- Colors: Blue, Black, Red, Beige, White
- Sizes: A/B, B/C
- Age Group: None

Image Descriptions:
- Image 1: Shows two pairs of blue bra pads in a leaf shape. Prominent color is blue.
- Image 2: Features a blue bra pad with annotations, showing dimensions (5 inches) and material description (milk silk fabric).
- Image 3: Display of a blue bra pad with a sports bra and bikini top for context, emphasizing versatility.
- Image 4: Blue bra pad next to an iPhone for size reference, demonstrating its compact design.
- Image 5: Comparison of two blue bra pads, highlighting the sewn edge as a distinct feature.
- Image 6: Shows blue bra pads being inserted into a pink and gray sports bra, illustrating usage.",/amazon_fashion/B072SLJRBG.jpg,Nimiah,18.09,기타
B00KKBIYAW,CJESLNA 20pcs Mixed Color Crystal Hair Pins Decorative for Women Buns Long Hair,"Fashion Vertical: Accessories

Attributes:
- Main Category: Hair Accessories
- Sub Category: Hair Pins
- Fit: N/A
- Sleeve Style: N/A
- Neck Style: N/A
- Material: Metal, Crystal
- Pattern / Print / Theme: Solid, Decorative
- Closure Type: N/A
- Gemstone: None
- Frame Material: N/A
- Lens Material: N/A
- Lens Type: N/A
- Occasion: Casual
- Colors: Pink, Blue, Black, Purple, Silver
- Sizes: N/A
- Age Group: Adult

Image Descriptions:
- Image 1: A collection of 20 hair pins, each adorned with colorful crystal flowers in pink, blue, purple, black, and silver settings. The pins are metallic and styled for decorative purposes, with each featuring a distinct flower design.",/amazon_fashion/B00KKBIYAW.jpg,CJESLNA,15.85,기타
B08Y6KD7BD,Haloumoning Womens Cowl Neck Ruched Blouse Shirts Short Sleeve Casual Draped Elegant Tunic Tops Khaki,"Fashion Vertical: Women

Attributes:
- Main Category: Top
- Sub Category: Blouse
- Fit: Regular
- Sleeve Style: Short Sleeve
- Neck Style: Cowl Neck
- Material: Polyester, Spandex, Rayon
- Pattern / Print / Theme: Solid
- Closure Type: Pull On
- Gemstone: None
- Frame Material: N/A
- Lens Material: N/A
- Lens Type: N/A
- Occasion: Casual
- Colors: Khaki
- Sizes: S, M, L, XL, XXL
- Age Group: N/A

Image Descriptions:
- Image 1: The top features a cowl neck design in khaki color. The fabric appears soft and drapes elegantly around the body. The model is wearing denim jeans, completing a casual look.
- Image 2: A rear view of the blouse shows a simple and clean design with a smooth back. The length seems suitable for a relaxed fit, complementing the cowl neckline.
- Image 3: A size chart is provided, showing measurements for bust, shoulder, length, and hem for sizes S to 2XL. This detail helps customers find the right fit.",/amazon_fashion/B08Y6KD7BD.jpg,Haloumoning,30.34,상의
B01BUNWFRG,JJ Perfection Women's Elegant Short Sleeve Midi Bodycon Dress Black 2XL,"Fashion Vertical: Women

Attributes:
- Main Category: Dress
- Sub Category: Midi Bodycon Dress
- Fit: Regular
- Sleeve Style: Cap sleeve
- Neck Style: Round neck
- Material: Polyester
- Pattern / Print / Theme: Solid
- Closure Type: None
- Gemstone: None
- Frame Material: None
- Lens Material: None
- Lens Type: None
- Occasion: Casual, Formal
- Colors: Black
- Sizes: 2XL
- Age Group: None

Image Descriptions:
- Image 1: A front view of a black midi bodycon dress featuring a round neck and cap sleeves. The dress has a draped detail on the waist and falls just above the knee. 
- Image 2: Another front view of the same dress, showing the same design with slightly different lighting. 
- Image 3: A back view of the dress, highlighting its sleek silhouette and cap sleeve style. 
- Image 4: A close-up shot of the draped area of the dress, emphasizing the texture and material.",/amazon_fashion/B01BUNWFRG.jpg,JJ Perfection,98.83,원피스
B07JPGZD8R,LLmoway Baby Boys Girls Winter Knit Hat Soft Kids Warm Lightweight Earflap Beanie Fleece Cap Navy,"Fashion Vertical: Kids

Attributes:
- Main Category: Hat
- Sub Category: Beanie
- Fit: Regular
- Sleeve Style: None
- Neck Style: None
- Material: Polyester
- Pattern / Print / Theme: Solid
- Closure Type: None
- Gemstone: None
- Frame Material: None
- Lens Material: None
- Lens Type: None
- Occasion: Casual
- Colors: Navy, Light Blue, White
- Sizes: None
- Age Group: Infant

Image Descriptions:
- Image 1: A navy blue knit beanie featuring bear ears in light blue. The interior is lined with white fleece for warmth. 
- Image 2: Close-up of the interior of the beanie, showcasing the white fleece lining and the braided detail on the edges.
- Image 3: A detailed shot of one of the bear ears, highlighting the navy knit texture and the contrasting light blue inner ear.",/amazon_fashion/B07JPGZD8R.jpg,LLmoway,34.61,기타
B01M1P4ZIT,WHITE MOUNTAIN Finalist Wide Calf Women US 8.5 Brown Knee High Boot,"Fashion Vertical: Footwear

Attributes:
- Main Category: Boot
- Sub Category: Knee High Boot
- Fit: Wide Calf
- Sleeve Style: None
- Neck Style: None
- Material: Synthetic
- Pattern / Print / Theme: Solid
- Closure Type: Zip
- Gemstone: None
- Frame Material: None
- Lens Material: None
- Lens Type: None
- Occasion: Casual
- Colors: Brown
- Sizes: US 8.5
- Age Group: None

Image Descriptions:
- Image 1: A brown knee-high boot featuring a smooth synthetic material, designed with a side buckle detail and a rounded toe.
- Image 2: A close-up view of the boot's toe, showcasing the smooth finish and rounded shape.
- Image 3: A side view of the boot highlighting the knee-high design and buckle details, with a slight curve at the ankle.
- Image 4: A bottom view showing the sole's tread design and construction, with textured grooves for grip.
- Image 5: A rear view capturing the boot's tall profile, buckle detail, and zipper closure for easy wear.",/amazon_fashion/B01M1P4ZIT.jpg,WHITE MOUNTAIN,56.05,기타
B08BG1PBHC,"YLISHI Full-Cup Beauty Underwire Bra (Black, 40D)","Fashion Vertical: Women

Attributes:
- Main Category: Bra
- Sub Category: Underwire Bra
- Fit: Regular
- Sleeve Style: None
- Neck Style: V-neck
- Material: Lace, Cotton Blend
- Pattern / Print / Theme: Solid, Lace
- Closure Type: Hook-and-eye
- Gemstone: None
- Frame Material: None
- Lens Material: None
- Lens Type: None
- Occasion: Everyday, Casual
- Colors: Black, White, Pink, Purple, Red, Navy Blue
- Sizes: 40D, 34CD-50DE
- Age Group: Adult

Image Descriptions:
- Image 1: Features a black underwire bra with intricate lace detailing, adjustable straps, and a hook-and-eye closure at the back. The model shows a side profile with a scalloped edge and a decorative gemstone accent.
- Image 2: Close-up of the black underwire bra showcasing the floral lace pattern. The adjustable straps are visible, and the gemstone accent is prominent.
- Image 3: A collage displaying the bra in various colors (white, pink, purple, red, navy blue, and black) along with the size options. Each bra features similar lace detailing and structure.",/amazon_fashion/B08BG1PBHC.jpg,YLISHI,36.06,상의
B07KFB77ZL,iloveSIA Women's Yoga Leggings Athletic Pants with Pocket Size M,"Fashion Vertical: Women

Attributes:
- Main Category: Leggings
- Sub Category: Athletic Leggings
- Fit: Slim
- Sleeve Style: None
- Neck Style: None
- Material: Cotton, Spandex
- Pattern / Print / Theme: Color-block
- Closure Type: None
- Gemstone: None
- Frame Material: None
- Lens Material: None
- Lens Type: None
- Occasion: Yoga, Running, Fitness, Casual
- Colors: Black, Pink, Light Blue
- Sizes: M
- Age Group: None

Image Descriptions:
- Image 1: Two pairs of leggings displayed; one has pink and black hues while the other features light blue accents. Both have a side pocket design. 
- Image 2: Close-up of leggings showing the fabric's softness; mentions 92% cotton and 8% spandex. Features a side pocket design.
- Image 3: Side view of leggings highlighting a U-shaped crotch design intended to prevent sagging. 
- Image 4: Focuses on a high-waisted waistband (2.75 inches) that hugs the figure. 
- Image 5: Illustrates the use cases, mentioning yoga, running, and casual wear.
- Image 6: Close-up detailing the stitching and pocket functionality, suitable for holding a phone.",/amazon_fashion/B07KFB77ZL.jpg,iloveSIA,55.99,하의
B01D4WZBDG,"TF-Duan 4pcs Unisex Baby Training Pants Breathable Cotton Baby Underwear Reusable Cloth Diapers (80,Boys)","Fashion Vertical: Kids

Attributes:
- Main Category: Underwear
- Sub Category: Training Pants
- Fit: Regular
- Sleeve Style: N/A
- Neck Style: N/A
- Material: Cotton
- Pattern / Print / Theme: Cartoon, Animal Prints
- Closure Type: N/A
- Gemstone: None
- Frame Material: N/A
- Lens Material: N/A
- Lens Type: N/A
- Occasion: Casual
- Colors: Green, Blue, Yellow, Pink, Purple, Orange
- Sizes: 80
- Age Group: Toddler

Image Descriptions:
- Image 1: A set of colorful training pants featuring cartoon designs tailored for boys and girls. The colors include yellow, green, blue, and orange, displaying various playful animal faces.
- Image 2: Four training pants in a lineup showing cartoon designs. The colors include light yellow, green, blue, and purple, with animal graphics such as a bear and a lion.
- Image 3: A close-up of a blue training pant with a bear graphic and the text ""SWEET BEPPY."" The material appears soft cotton.
- Image 4: A close-up of a yellow training pant featuring a smiling frog graphic and the text ""RAINY KERO,"" showcasing the playful design.
- Image 5: A green training pant featuring a blue bear graphic with the text ""TINY BEAR."" The bright colors emphasize a fun style.
- Image 6: A stacked view of multiple training pants in different colors with a focus on the green training pant at the top featuring the bear graphic. 
- Image 7: A close-up view indicating the 4-layered fabric construction for absorbency, showcasing the material details.
- Image 8: A purple training pant featuring a lion graphic and stars, emphasizing colorful character designs for toddlers.",/amazon_fashion/B01D4WZBDG.jpg,TF-Duan,18.73,기타
B09SDN8LX2,Rocket Dog womens Abel,"Fashion Vertical: Footwear

Attributes:
- Main Category: Footwear
- Sub Category: Clogs
- Fit: Regular
- Sleeve Style: N/A
- Neck Style: N/A
- Material: Synthetic, Faux Fur
- Pattern / Print / Theme: Solid
- Closure Type: Buckle
- Gemstone: None
- Frame Material: N/A
- Lens Material: N/A
- Lens Type: N/A
- Occasion: Casual
- Colors: Black
- Sizes: N/A
- Age Group: N/A

Image Descriptions:
- Image 1: A black clog with two adjustable buckle straps. The upper is made of synthetic material, and the inner lining features a faux fur for comfort.
- Image 2: A top view of the same black clog showing the plush faux fur inner lining and buckle details, highlighting comfort and style.
- Image 3: No specific image available; placeholder for future reference.",/amazon_fashion/B09SDN8LX2.jpg,Rocket Dog,24.37,기타
B01B44L9WI,"Patagonia P-6 Logo 100% Organic Cotton Trucker Hat (38017) (One Size, Lite Blazing Yellow)","Fashion Vertical: Accessories

Attributes:
- Main Category: Hat
- Sub Category: Trucker Hat
- Fit: One Size
- Sleeve Style: N/A
- Neck Style: N/A
- Material: 100% Organic Cotton, Mesh
- Pattern / Print / Theme: Logo
- Closure Type: Adjustable Snapback
- Gemstone: None
- Frame Material: N/A
- Lens Material: N/A
- Lens Type: N/A
- Occasion: Casual
- Colors: Lite Blazing Yellow, Teal, White
- Sizes: One Size
- Age Group: N/A

Image Descriptions:
- Image 1: A trucker hat with a lite blazing yellow front and a blue brim. The back features a mesh design. It showcases a Patagonia logo prominently on the front, styled in black with a colorful mountain graphic above. 
- Image 2: N/A (only one image provided)",/amazon_fashion/B01B44L9WI.jpg,Patagonia,18.30,기타
B01MU4PLJQ,Chuanqi Women's Sexy Short Sleeve Cotton Lace-up Tunic Shirt Dress Top,"Fashion Vertical: Women

Attributes:
- Main Category: Shirt
- Sub Category: Tunic Shirt
- Fit: Regular
- Sleeve Style: Short Sleeve
- Neck Style: V-neck
- Material: Cotton
- Pattern / Print / Theme: Solid
- Closure Type: Lace-up
- Gemstone: None
- Frame Material: None
- Lens Material: None
- Lens Type: None
- Occasion: Casual
- Colors: Olive Green
- Sizes: Not specified
- Age Group: None

Image Descriptions:
- Image 1: A model is wearing an olive green tunic shirt with a deep V-neck secured by black lace-up detailing. The material appears soft and casual, with short sleeves.
- Image 2: Similar to the first, this image shows the shirt with a twist knot at the bottom, emphasizing a snug fit. The olive green color and lace detail are consistent.
- Image 3: A tag from the brand ""Chuanqi"" in a simple black font against a white background, indicating the brand name but containing no other fashion details.",/amazon_fashion/B01MU4PLJQ.jpg,Chuanqi,70.17,상의
B07WSPBMZJ,GELIN Triangle Stud Earrings in 14k Real Gold | Christmas Jewelry Gift Birthday Gift for Mom Women Wife Girls Her,"Fashion Vertical: Jewelry

Attributes:
- Main Category: Earrings
- Sub Category: Stud Earrings
- Fit: N/A
- Sleeve Style: N/A
- Neck Style: N/A
- Material: 14k Real Gold
- Pattern / Print / Theme: Solid
- Closure Type: Butterfly Back
- Gemstone: None
- Frame Material: N/A
- Lens Material: N/A
- Lens Type: N/A
- Occasion: Casual, Formal, Gift
- Colors: Gold
- Sizes: N/A
- Age Group: N/A

Image Descriptions:
- Image 1: Close-up of the triangle stud earrings, showing their gold finish and triangular design.
- Image 2: Model wearing the earrings, with a soft aesthetic background featuring flowers, highlighting the earrings' elegance.
- Image 3: A hand holding one of the earrings, showcasing its size and gold material.
- Image 4: Model with earrings in, alongside a chart indicating the dimensions (0.67 inches & 0.473 inches) for clarity.
- Image 5: The jewelry box containing the earrings, indicating authenticity and brand presence with the GELIN logo.",/amazon_fashion/B07WSPBMZJ.jpg,GELIN,78.54,기타
B07D4HD73H,"Hamsa Hand Fatima and Evil Eye Charms Bracelets for Girls Women, Snake Chain Rope Bracelet Luck Protection Jewelry Gifts","Fashion Vertical: Jewelry

Attributes:
- Main Category: Bracelet
- Sub Category: Charm Bracelet
- Fit: Adjustable
- Sleeve Style: N/A
- Neck Style: N/A
- Material: Leather, Metal
- Pattern / Print / Theme: N/A
- Closure Type: Adjustable Block
- Gemstone: None
- Frame Material: N/A
- Lens Material: N/A
- Lens Type: N/A
- Occasion: Casual, Gift
- Colors: Black, Gold
- Sizes: Adjustable
- Age Group: Adult

Image Descriptions:
- Image 1: This image showcases a charm bracelet featuring a Hamsa hand charm with a black rope strap and gold accents, emphasizing its adjustable design.
- Image 2: A different angle of the same bracelet, also featuring the Hamsa hand charm. The background is light, highlighting the bracelet’s details.
- Image 3: An informative image displaying the adjustable block and Hamsa hand charm, aimed at highlighting the bracelet's features and materials used.
- Image 4: A black background showcases two similar charm bracelets, one with a gold and the other with a silver Hamsa hand charm, accentuating the color contrast.
- Image 5: A model wearing the bracelet, showcasing the charm's elegance and style with a soft, flattering light that accentuates her features.
- Image 6: A heartwarming image of a mother and daughter wearing matching bracelets, emphasizing the bracelet as a suitable gift for familial bonds.
- Image 7: A group of three generations — grandmother, mother, and daughter — all wearing the bracelet, illustrating its universal appeal and suitability as a gift.",/amazon_fashion/B07D4HD73H.jpg,THINK POSITIVE,10.91,기타
B074QTP8HJ,Hush 3 Strand Pink Shell and Glass Bead Necklace 17 Inches Long with Extender Plus Earrings,"Fashion Vertical: Jewelry

Attributes:
- Main Category: Necklace
- Sub Category: Strand Necklace
- Fit: N/A
- Sleeve Style: N/A
- Neck Style: N/A
- Material: Shell, Glass
- Pattern / Print / Theme: Solid
- Closure Type: N/A
- Gemstone: None
- Frame Material: N/A
- Lens Material: N/A
- Lens Type: N/A
- Occasion: Casual, Formal
- Colors: Pink, Gold
- Sizes: 17 inches (with extender)
- Age Group: N/A

Image Descriptions:
- Image 1: The image shows a multi-strand necklace featuring pink shells and glass beads. It is adorned with a pair of matching earrings, showcasing a rich pink color and a glossy finish.
- Image 2: This image provides additional detail about the necklace, focusing on the design and dimensions. It displays the approximate depth of the necklace's drop at 1.5 inches, with emphasis on the multi-layered structure adorned with pink shells and glass elements.",/amazon_fashion/B074QTP8HJ.jpg,Hush Hush Projects,72.29,기타
B0822CCYRQ,Jackson-Browne t Shirt Late-for-The-Sky Men's T-Shirts Tops Short Sleeve Casual Tees Black M,"Fashion Vertical: Men

Attributes:
- Main Category: T-Shirt
- Sub Category: Graphic Tee
- Fit: Regular
- Sleeve Style: Short sleeve
- Neck Style: Round neck
- Material: Cotton
- Pattern / Print / Theme: Graphic / Scenic
- Closure Type: None
- Gemstone: None
- Frame Material: None
- Lens Material: None
- Lens Type: None
- Occasion: Casual
- Colors: Black, Blue, Green, White
- Sizes: M
- Age Group: N/A

Image Descriptions:
- Image 1: A black graphic T-shirt featuring an illustration of a classic car parked in front of a house under a blue sky with clouds. The design includes the text ""Jackson Browne"" in colorful lettering. 
- Image 2: Close-up of the same black graphic T-shirt displaying the car and sky design, emphasizing the color contrast between the graphics and the shirt's fabric.
- Image 3: A close-up shot of the fabric, showcasing the black cotton material with a smooth texture.
- Image 4: A sizing chart for the T-shirt, detailing the dimensions for sizes S, M, L, XL, XXL, and 3XL, indicating body width and length.",/amazon_fashion/B0822CCYRQ.jpg,Droiramie,16.28,상의
B093LB4G19,"MYONE Women Sleeveless Hoodie Crop Tank Top Lightweight Workout Shirts Exercise Short Cropped (Blue, S)","Fashion Vertical: Women

Attributes:
- Main Category: Top
- Sub Category: Hoodie Crop Tank Top
- Fit: Regular
- Sleeve Style: Sleeveless
- Neck Style: Hooded
- Material: Polyester, Spandex
- Pattern / Print / Theme: Solid
- Closure Type: None
- Gemstone: None
- Frame Material: None
- Lens Material: None
- Lens Type: None
- Occasion: Sports, Casual
- Colors: Blue
- Sizes: S
- Age Group: None

Image Descriptions:
- Image 1: Features a woman wearing a sleeveless hoodie crop tank top in light blue. The top is made of a sports fabric and has a hood. The color is uniform with a slight texture.
- Image 2: Close-up of the same tank top showing the hood and sleeveless design. The fabric appears breathable and stretchy, suitable for workouts.
- Image 3: Side view of the crop tank showing arm cutouts and relaxed fit. The top is styled for a sporty look, accentuating an athletic figure.
- Image 4: Size chart image displaying dimensions for various sizes (XS to XXL). Highlights the bust, shoulder, and length measurements.
- Image 5: Another angle of the crop top being worn, emphasizing the sporty design. The image highlights the fabric texture and fit around the torso.
- Image 6: Back view of the top, showing the open arm gaps and hood design. The fabric's lightness and athletic styling are apparent.",/amazon_fashion/B093LB4G19.jpg,MYONE,56.48,상의
B01K6MLGIG,"Mosunx(TM) Women Casual Blouse Long Sleeve Tops Camouflage Printing T-shirt (XL, Camouflage)","Fashion Vertical: Women

Attributes:
- Main Category: Top
- Sub Category: T-shirt
- Fit: Regular
- Sleeve Style: Full-sleeve
- Neck Style: V-neck
- Material: Polyester
- Pattern / Print / Theme: Camouflage
- Closure Type: Pull On
- Gemstone: None
- Frame Material: None
- Lens Material: None
- Lens Type: None
- Occasion: Casual
- Colors: Green, Black
- Sizes: S, M, L, XL
- Age Group: None

Image Descriptions:
- Image 1: A woman wearing a camouflage long-sleeve top. The top has a fitted appearance and features a V-neck. The color palette includes shades of green and black, with a casual and stylish look. Distinctively paired with distressed shorts and a turquoise necklace.
- Image 2: Similar to the first image, this one also shows the camouflage top with the beach background emphasizing a casual summer style. The same colors and style are prominent, enhancing its casual and stylish vibe.
- Image 3: A size chart displaying available sizes (S, M, L, XL) with corresponding bust, shoulder, sleeve, and length measurements. This chart provides clear dimensions for sizing guidance.",/amazon_fashion/B01K6MLGIG.jpg,Mosunx,55.97,상의
B07CNWKZX5,Honeydress Women's -Embroidered Long Sleeve Maxi Dress 16 F Style: White,"Fashion Vertical: Women

Attributes:
- Main Category: Dress
- Sub Category: Maxi Dress
- Fit: Regular
- Sleeve Style: Full-sleeve
- Neck Style: Round neck
- Material: Polyester
- Pattern / Print / Theme: Floral
- Closure Type: Pull On
- Gemstone: None
- Frame Material: None
- Lens Material: None
- Lens Type: None
- Occasion: Party, Formal
- Colors: White, Multicolor
- Sizes: 2, 4, 6, 8, 10, 12, 14, 16, 18, 20, 22, 24, 26
- Age Group: None

Image Descriptions:
- Image 1: Features a floral embroidered maxi dress with a full, flowing skirt. The primary color is white with multicolored floral patterns. The dress has a sheer bodice and a fitted silhouette.
- Image 2: Displays the back of the floral embroidered maxi dress, showcasing the sheer back design and the same floral patterns as the front.
- Image 3: Contains a size chart with measurements for bust, waist, hips, and hollow to floor in inches and centimeters.
- Image 4: Illustrates measuring guidelines for bust, waist, and hips for proper dress fitting, shown on a model wearing a different dress.
- Image 5: Similar size chart as Image 3, re-emphasizing the various measurements needed to select the correct dress size.",/amazon_fashion/B07CNWKZX5.jpg,Honeydress,154.51,원피스
B06W5251KD,"Mud Pie Womens Sailor Sleeveless Dress with Ruffled Neckline, Pink, X-Small","Fashion Vertical: Women

Attributes:
- Main Category: Dress
- Sub Category: Sleeveless Dress
- Fit: Regular
- Sleeve Style: Sleeveless
- Neck Style: Ruffled
- Material: Not specified
- Pattern / Print / Theme: Solid
- Closure Type: Zipper
- Gemstone: None
- Frame Material: Not applicable
- Lens Material: Not applicable
- Lens Type: Not applicable
- Occasion: Casual
- Colors: Pink
- Sizes: X-Small
- Age Group: Not applicable

Image Descriptions:
- Image 1: A model wearing a pink sleeveless dress with a ruffled neckline. The dress has a fitted silhouette, and the material appears lightweight. The color is a soft pink, giving it a feminine look. The model is posing with a slight smile, showcasing the dress's overall style.
- Image 2: A women's size chart for Mud Pie products, detailing various size measurements (Bust, Waist, Hips, Sleeve, Inseam) for X-Small to Large sizes. The chart includes measurement instructions and is clear and informative.",/amazon_fashion/B06W5251KD.jpg,Mud Pie,98.57,원피스
B08XTGYSDR,"Miessial Women's Summer Floral Maxi Dress Elegant Boho V Neck Beach Long Wrap Dress (10-12, Navy Blue)","ERROR: Error code: 400 - {'error': {'message': 'Timeout while downloading https://m.media-amazon.com/images/I/41FYEAWz0jL._AC_.jpg.', 'type': 'invalid_request_error', 'param': 'url', 'code': 'invalid_value'}}",/amazon_fashion/B08XTGYSDR.jpg,Miessial,96.02,원피스
B07DVG8LRQ,FIBO STEEL 6 Pcs Toe Rings Band Ring for Women Open Tail Rings Adjustable Silver Plated,"Fashion Vertical: Jewelry

Attributes:
- Main Category: Ring
- Sub Category: Toe Ring
- Fit: Adjustable
- Sleeve Style: N/A
- Neck Style: N/A
- Material: Silver Plated
- Pattern / Print / Theme: Celtic Knot, Braided
- Closure Type: N/A
- Gemstone: None
- Frame Material: N/A
- Lens Material: N/A
- Lens Type: N/A
- Occasion: Casual
- Colors: Silver
- Sizes: Adjustable
- Age Group: N/A

Image Descriptions:
- Image 1: A collection of six silver toe rings with various styles including braided and Celtic knot designs.
- Image 2: A display of six different silver toast rings, showcasing intricate Celtic knot and braided patterns.
- Image 3: Six unique styles of adjustable silver toe rings, featuring various twisted and braided designs.
- Image 4: Four images of feet wearing different styles of silver toe rings, showing how they look when styled.
- Image 5: Another collection of six silver toe rings with various designs displayed on a dark surface.
- Image 6: A close-up view of six silver toe rings, featuring twisted, braided, and patterned styles on a dark background.
- Image 7: An image of a branded black pouch labeled ""FIBOSTEEL"", likely designed to store the jewelry.",/amazon_fashion/B07DVG8LRQ.jpg,FIBO STEEL,28.25,기타
B07CRZM2S3,HLMBB Baby Boy Shoes Sandals for Girl Kids Size 4.5 5.5 Months Prewalker Outdoor Beach,"Fashion Vertical: Kids

Attributes:
- Main Category: Footwear
- Sub Category: Sandals
- Fit: Regular
- Sleeve Style: N/A
- Neck Style: N/A
- Material: Synthetic Leather
- Pattern / Print / Theme: Character (Cat)
- Closure Type: Velcro
- Gemstone: None
- Frame Material: N/A
- Lens Material: N/A
- Lens Type: N/A
- Occasion: Casual, Outdoor
- Colors: Pink, White
- Sizes: 4.5, 5.5 (Months)
- Age Group: Infant, Toddler

Image Descriptions:
- Image 1: A pink sandal featuring a cat face design with large eyes and ears. It has a synthetic leather upper and a smooth surface.
- Image 2: A bottom view of the sandal showing the textured grip sole and the same pink cat design.
- Image 3: An angle view of the sandals, emphasizing their cute cat design and Velcro closure.
- Image 4: A side view of the sandal highlighting the pink color and cat features.
- Image 5: An overhead view showing the dual color design with cat features that are consistent across both sandals.
- Image 6: A close-up that focuses on the cat face detailing, showing the quality of the stitching and the material.
- Image 7: A comparison shot of two colors of sandals: the main pink version and a navy variant with cat features, also showcasing the texture and design.
- Image 8: A close-up view of the sandal's insole, displaying the brand name ""Babyfit"" stamped inside.
- Image 9: Another close-up emphasizing the cat face design, showing the details in both color and material.",/amazon_fashion/B07CRZM2S3.jpg,HLMBB,125.40,기타
B07G9CJRN2,"Fullrainbow Stainless Steel Rose Gold Engraved Bangle Love Heart Bracelets Women Girls Though she be but Little, she is Fierce Hair Tie Bracelet","Fashion Vertical: Jewelry

Attributes:
- Main Category: Bracelet
- Sub Category: Engraved Bangle
- Fit: Adjustable
- Sleeve Style: None
- Neck Style: None
- Material: Stainless Steel
- Pattern / Print / Theme: Solid
- Closure Type: None
- Gemstone: None
- Frame Material: None
- Lens Material: None
- Lens Type: None
- Occasion: Casual, Gift
- Colors: Rose Gold, Black, Purple, Blue, Pink
- Sizes: Adjustable
- Age Group: Adult

Image Descriptions:
- Image 1: Features a rose gold engraved bangle with the inscription “And though she be but little she is fierce."" Accompanied by colorful hair ties in shades of black, blue, pink, and purple. 
- Image 2: A close-up view of the rose gold bangle showing the same engraving clearly. The bangle has a smooth finish with a polished look.
- Image 3: Another angle of the rose gold bangle displaying the engraving in a curved fashion. The background is dark fabric, enhancing the piece's shine.
- Image 4: Shows the inside of the bangle with the engraving visible. The bangle has a clean and sleek design.
- Image 5: Highlights a bangle with a black outer band, revealing its engraved message on the inside. The contrast between black and rose gold is visible.
- Image 6: Close-up of the black outer band bangle, emphasizing its texture and the engraved message inside.
- Image 7: Displays another perspective of the bangle with a black outer section and rose gold interior, showing the engraving. Styled against soft fabric.
- Image 8: Same bangle design featuring a rose gold interior. The texture of the black exterior adds distinct character.
- Image 9: A gift box with the Fullrainbow logo, designed for packaging the bangle, showcasing its branding and packaging style.",/amazon_fashion/B07G9CJRN2.jpg,Fullrainbow,56.95,기타
B0B9C7WD9W,"ABAMERICA Bouffant Caps with Button and Sweatband,Adjustable Working Hats for Women Men,One Size Fits All","Fashion Vertical: Accessories

Attributes:
- Main Category: Cap
- Sub Category: Bouffant Cap
- Fit: Adjustable
- Sleeve Style: N/A
- Neck Style: N/A
- Material: Cotton
- Pattern / Print / Theme: Floral
- Closure Type: Toggle
- Gemstone: None
- Frame Material: N/A
- Lens Material: N/A
- Lens Type: N/A
- Occasion: Casual, Work
- Colors: Black, Pink, White, Various shades of Floral
- Sizes: One Size Adjusts 16-26 inches
- Age Group: N/A

Image Descriptions:
- Image 1: A model wearing a floral bouffant cap, featuring a black background with small white and pink flowers. The cap has buttons on both sides for mask attachment.
- Image 2: Close-up of the cap on the model with labels showing the ear pain solution feature, highlighting the buttons on both sides for mask comfort.
- Image 3: An inside view of the cap, showing the materials used: 100% cotton for breathability and a built-in sweatband for comfort.
- Image 4: An overhead view of the cap, showcasing the design details, including the elastic string for size adjustment and flowers on the fabric.
- Image 5: A collage showing two healthcare professionals wearing the cap in different work scenarios, demonstrating its versatility in healthcare settings.
- Image 6: A side profile of various hairstyles in the bouffant cap, highlighting its oversized design allowing for different hair types and styles.",/amazon_fashion/B0B9C7WD9W.jpg,ABAMERICA,9.98,기타
B08T9JFLQN,"Eytino Women Cute Shift Dress Casual Solid Sleeveless Ruffle Loose Swing Tunic Mini Dresses,Small White","Fashion Vertical: Women

Attributes:
- Main Category: Dress
- Sub Category: Shift Dress
- Fit: Loose
- Sleeve Style: Sleeveless
- Neck Style: Round neck
- Material: 95% Polyester, 5% Spandex
- Pattern / Print / Theme: Solid
- Closure Type: Pull On
- Gemstone: None
- Frame Material: None
- Lens Material: None
- Lens Type: None
- Occasion: Casual
- Colors: White
- Sizes: Small
- Age Group: None

Image Descriptions:
- Image 1: A model wearing a white shift dress with a loose fit and ruffle sleeves, accessorized with a necklace and a textured handbag. The dress has a tiered design, emphasizing a casual style.
- Image 2: Similar to Image 1, showing the model posing in the same white dress with ruffles. The background is a neutral wall, highlighting the dress's features.
- Image 3: The same dress from a slight angle, showcasing the flowy nature of the fabric and the ruffle sleeve detail. The model stands against a plain backdrop.
- Image 4: Showcases the model smiling while holding the handbag, adding a lively touch. The dress's ruffle details and tiered structure are emphasized in this pose.
- Image 5: A back view of the dress, demonstrating the flowing silhouette and the ruffle detail at the shoulders, also highlighting the handbag as an accessory.",/amazon_fashion/B08T9JFLQN.jpg,Eytino,141.77,원피스
B09B77PPHZ,"ArBoXiA 18K Gold Plated Trendy Earrings for Women, Personalized Geometric Girl’s Drop Earrings,Shines Zircon Gems Women’s Earrings,All-match Stylish Women's Dangle Earrings (Black)","Fashion Vertical: Jewelry

Attributes:
- Main Category: Earrings
- Sub Category: Drop Earrings
- Fit: N/A
- Sleeve Style: N/A
- Neck Style: N/A
- Material: Copper, Zircon
- Pattern / Print / Theme: N/A
- Closure Type: Hoop
- Gemstone: Zircon
- Frame Material: N/A
- Lens Material: N/A
- Lens Type: N/A
- Occasion: Casual, Party
- Colors: Black, Gold
- Sizes: N/A
- Age Group: N/A

Image Descriptions:
- Image 1: A close-up of the earrings showcasing their geometric drop design with black zircon stones and gold plating.
- Image 2: Model displaying the earrings; the earrings contrast against her long hair, enhancing their elegance.
- Image 3: Detailed image showing dimensions (1.1 inches x 0.3 inches) and weight (3g) of the earrings against a neutral background.
- Image 4: The earrings placed on black stones, highlighting their elegance and 18K gold plating.
- Image 5: A flat lay image of multiple earrings displaying various color options available, focusing on black and another color.",/amazon_fashion/B09B77PPHZ.jpg,N\C,5.66,기타
B08BXG73SJ,TIJN Semi Rimless Sunglasses for Women Men Polarized Classic Half Frame Sun Glasses (02-(2pack)rose+deep greem),"Fashion Vertical: Eyewear

Attributes:
- Main Category: Sunglasses
- Sub Category: Semi Rimless Sunglasses
- Fit: Regular
- Sleeve Style: N/A
- Neck Style: N/A
- Material: Plastic, Metal
- Pattern / Print / Theme: Solid
- Closure Type: N/A
- Gemstone: None
- Frame Material: Metal, Plastic
- Lens Material: Plastic
- Lens Type: Polarized
- Occasion: Casual, Everyday
- Colors: Rose, Deep Green, Black, Gold
- Sizes: N/A
- Age Group: N/A

Image Descriptions:
- Image 1: Shows two pairs of semi-rimless sunglasses; the top pair has rose-colored lenses and black arms, while the bottom pair features dark green lenses with black arms. The metal frame is gold in color.
- Image 2: Features a model wearing sunglasses with rose-colored lenses and a black frame. The image emphasizes a casual style.
- Image 3: Displays a close-up of sunglasses emphasizing the polarized lenses technology with mentions of UV400 protection and HD vision benefits. 
- Image 4: Highlighting the browline style of the sunglasses, showcasing the unique design that suits various occasions.
- Image 5: Contains technical information including the bridge size of 20mm, total frame size of 132mm, arm length of 140mm, and lens height of 43mm.",/amazon_fashion/B08BXG73SJ.jpg,TIJN,31.36,기타
B07V5WLC2R,Lands' End Girls' Softest Fleece Jacket Soft Rainbow Tie Dye Toddler 3t,"Fashion Vertical: Kids

Attributes:
- Main Category: Jacket
- Sub Category: Fleece Jacket
- Fit: Regular
- Sleeve Style: Full-sleeve
- Neck Style: Hooded
- Material: Polyester
- Pattern / Print / Theme: Tie Dye
- Closure Type: Zip
- Gemstone: None
- Frame Material: None
- Lens Material: None
- Lens Type: None
- Occasion: Casual
- Colors: Rainbow, Purple, Blue, Pink
- Sizes: 3T
- Age Group: Toddler

Image Descriptions:
- Image 1: Front view of the fleece jacket featuring a hood, full-length sleeves, and a soft tie-dye pattern in pastel colors (purple, blue, and pink). The jacket has a zip closure and two side pockets.
- Image 2: Back view of the fleece jacket showcasing the continuation of the soft tie-dye pattern and the hood, maintaining the same pastel color scheme.

Product Information:
{'main_category': 'AMAZON FASHION', 'title': ""Lands' End Girls' Softest Fleece Jacket Soft Rainbow Tie Dye Toddler 3T"", 'average_rating': 5.0, 'rating_number': 2, 'price': nan, 'store': ""Lands' End"", 'package_dimensions': '9.52 x 8.5 x 3.15 inches; 7.65 Ounces'}",/amazon_fashion/B07V5WLC2R.jpg,Lands' End,61.24,아우터
B09WQV6QLR,Boho Skirts for Women Trendy Long Maxi High Waist Skirt Flowy Floral Skirt Maxi Dresses Phoenix Flower Large,"Fashion Vertical: Women

Attributes:
- Main Category: Skirt
- Sub Category: Maxi Skirt
- Fit: Flowy
- Sleeve Style: N/A
- Neck Style: N/A
- Material: Polyester
- Pattern / Print / Theme: Floral
- Closure Type: N/A
- Gemstone: None
- Frame Material: N/A
- Lens Material: N/A
- Lens Type: N/A
- Occasion: Casual
- Colors: Blue, White, Brown, Beige
- Sizes: S, M, L, XL
- Age Group: N/A

Image Descriptions:
- Image 1: Front view of a long, flowy maxi skirt featuring a floral pattern in shades of blue, brown, and white. The material appears lightweight, and the skirt reaches the ankles.
- Image 2: Back view of the same maxi skirt, showing the high waist design and continued floral pattern. The fabric drapes elegantly and maintains a similar color palette.
- Image 3: Side view of the maxi skirt highlighting its flowy design and prominent floral pattern. The model is barefoot, indicating a casual and relaxed style.",/amazon_fashion/B09WQV6QLR.jpg,American Trends,23.49,하의
B001NVH9N6,"Buckle-Down Unisex-Adult's Keychain-Ford Trucks, Multicolor, One Size","Fashion Vertical: Accessories

Attributes:
- Main Category: Keychain
- Sub Category: Buckle Keychain
- Fit: N/A
- Sleeve Style: N/A
- Neck Style: N/A
- Material: Metal, Nylon
- Pattern / Print / Theme: Solid
- Closure Type: Buckle
- Gemstone: None
- Frame Material: N/A
- Lens Material: N/A
- Lens Type: N/A
- Occasion: Casual
- Colors: Multicolor
- Sizes: One Size
- Age Group: N/A

Image Descriptions:
- Image 1: A close-up view of the keychain featuring a buckle design with ""Ford Trucks"" branding. The keychain has a black strap and metallic accents, showing two key rings.
- Image 2: An instructional image illustrating how to use the keychain. It demonstrates the 'press and release' mechanism with a simple graphic, emphasizing the practicality of the design.
- Image 3: A bold graphic stating ""MADE IN USA,"" features red, white, and blue colors and star motifs, highlighting the product's origin.",/amazon_fashion/B001NVH9N6.jpg,Buckle-Down,16.25,기타
B06XTLQWWQ,Xusamss Hip Hop Titanium Steel Black Mask Tag Pendant Crystal Chain Necklace,"Fashion Vertical: Unisex

Attributes:
- Main Category: Necklace
- Sub Category: Pendant Necklace
- Fit: N/A
- Sleeve Style: N/A
- Neck Style: N/A
- Material: Titanium Steel, Crystal
- Pattern / Print / Theme: N/A
- Closure Type: N/A
- Gemstone: None
- Frame & Lens Materials / Lens Type: N/A
- Occasion: Casual
- Colors: Black, Gold
- Sizes: N/A
- Age Group: N/A

Image Descriptions:
- Image 1: Close-up view of the black mask pendant featuring gold accents and crystals. The chain is made of gold-colored metal.
- Image 2: Product dimensions shown with a black mask pendant. Dimensions are 1.57 x 0.71 x 2.36 inches; the chain length is 65 cm (approximately 26 inches).
- Image 3: Front view of the mask pendant, highlighting the black texture and gold embellishments.
- Image 4: Rear view of the pendant displaying a cut-out design, also black in color with gold details.
- Image 5: Top view showcasing the pendant’s features, emphasizing the gold detailing on the black mask.
- Image 6: Model wearing the necklace, providing a sense of scale and showing how it looks when worn.",/amazon_fashion/B06XTLQWWQ.jpg,Xusamss,52.91,기타
B07KYCZ2TG,Zephyr Kansas University KU Jayhawks Blue Top DHS Rock Chalk Jay Hawk Adult Mens/Boys Fitted Hat Size 7,"Fashion Vertical: Accessories

Attributes:
- Main Category: Hat
- Sub Category: Fitted Cap
- Fit: Fitted
- Sleeve Style: N/A
- Neck Style: N/A
- Material: Cotton
- Pattern / Print / Theme: Solid
- Closure Type: Snap closure
- Gemstone: None
- Frame Material: N/A
- Lens Material: N/A
- Lens Type: N/A
- Occasion: Casual
- Colors: Blue, Red
- Sizes: 7
- Age Group: Adult

Image Descriptions:
- Image 1: A fitted blue cap with the letters ""KU"" prominently displayed in red on the front. The cap also features a small embroidered logo on the side. The material appears to be cotton, with a structured fit. The background is a neutral color, highlighting the cap's vibrant hues.

Product Information:
{'main_category': 'AMAZON FASHION', 'title': 'Zephyr Kansas University KU Jayhawks Blue Top DHS Rock Chalk Jay Hawk Adult Mens/Boys Fitted Hat Size 7', 'average_rating': 1.0, 'rating_number': 1, 'features': array(['Snap closure'], dtype=object), 'description': array([], dtype=object), 'price': nan, 'images': array([{'thumb': 'https://m.media-amazon.com/images/I/41iasE+EKUL._AC_SR38,50_.jpg', 'large': 'https://m.media-amazon.com/images/I/41iasE+EKUL._AC_.jpg', 'variant': 'MAIN', 'hi_res': None}],
      dtype=object), 'videos': array([], dtype=object), 'store': 'Zephyr', 'categories': array([], dtype=object), ...}",/amazon_fashion/B07KYCZ2TG.jpg,Zephyr,16.36,기타
B089JY6R1L,"Baby Girl Boy Clothes Mommy Saying Printed Tops T-Shirt Camouflage Pants+Hats Romper Outfit Set (B-Mama´s boy, 6-9 Months)","Fashion Vertical: Kids

Attributes:
- Main Category: Outfit Set
- Sub Category: Romper Set
- Fit: Regular
- Sleeve Style: Short-sleeve
- Neck Style: Round neck
- Material: Cotton
- Pattern / Print / Theme: Camouflage
- Closure Type: Snap
- Gemstone: None
- Frame Material: None
- Lens Material: None
- Lens Type: None
- Occasion: Casual
- Colors: Olive Green, Camouflage
- Sizes: 6-9 Months
- Age Group: Infant

Image Descriptions:
- Image 1: The outfit features an olive green onesie with the text ""MAMA'S BOY"" printed in white. The pants are a camouflage print with shades of green and brown, and the hat matches the pants in camouflage. The material appears soft and comfortable, suitable for babies.
- Image 2: The same outfit from a different angle, showcasing the side view of the onesie and pants. The hat is styled with a knot on top, and the fabric looks stretchy yet durable.",/amazon_fashion/B089JY6R1L.jpg,TheFound,162.25,원피스
B075WRDF2Q,LONSOEN Kids Pull-on Winter Fur Ankle Boots(Toddler) KDB007 Black CN24,"Fashion Vertical: Kids

Attributes:
- Main Category: Footwear
- Sub Category: Boots
- Fit: Regular
- Sleeve Style: N/A
- Neck Style: N/A
- Material: Faux Fur, Synthetic
- Pattern / Print / Theme: Solid
- Closure Type: Velcro
- Gemstone: None
- Frame Material: N/A
- Lens Material: N/A
- Lens Type: N/A
- Occasion: Casual, Winter
- Colors: Black, Brown (lining)
- Sizes: Toddler sizes available
- Age Group: Toddler

Image Descriptions:
- Image 1: A black ankle boot with a side strap and buckle detail, showcasing a soft, plush lining. The exterior features a sleek, smooth finish.
- Image 2: Similar angle as the first, highlighting the ankle height and side buckle. The plush lining is visible and appears soft and warm.
- Image 3: Side view of the boot, emphasizing the clean silhouette and the secure strap. The plush lining can be seen peeking from the top.
- Image 4: Front view, focusing on the clean lines and rounded toe, with the strap detail prominently displayed.
- Image 5: Back view revealing the snug fit around the ankle and the plush interior lining.
- Image 6: Top view showing the interior lining and strap placement, with a close look at the shoe's construction and comfort features.",/amazon_fashion/B075WRDF2Q.jpg,LONSOEN,72.25,기타
B089RG7X77,"Bosttor Neck Gaiter with Filter, 2 Pack Breathable Face Cover. Multi-Functional Sports Headbands Head Wrap for Sun UV (Assorted 4)","Fashion Vertical: Unisex

Attributes:
- Main Category: Neck Gaiter
- Sub Category: Face Cover
- Fit: Regular
- Sleeve Style: None
- Neck Style: Gaiter
- Material: 100% Polyester
- Pattern / Print / Theme: Solid/Assorted Colors
- Closure Type: None
- Gemstone: None
- Frame Material: None
- Lens Material: None
- Lens Type: None
- Occasion: Sports, Casual
- Colors: Grey, Blue, Pink, Black, Assorted Colors
- Sizes: One Size Fits Most
- Age Group: None

Image Descriptions:
- Image 1: Four neck gaiters in assorted colors (grey, blue, pink, black) arranged together. The material looks breathable and soft.
- Image 2: Close-up of a neck gaiter showing a PM2.5 cotton filter pocket. Material appears to be soft and breathable with a note on filtering air.
- Image 3: Displays the elastic and seamless design of the fabric. Color is dark blue. The attribute ""eco-friendly microfiber"" is mentioned.
- Image 4: Close-up of a neck gaiter showing size information. It has a filter pocket visible. Length is noted as 15 inches and width as 9.5 inches.
- Image 5: Collage image depicting multiple people using the gaiters in various sports and activities, showcasing versatility. 
- Image 6: Demonstrates the rapid cooling feature of the gaiter when worn. Color is black with a textured fabric appearance.
- Image 7: A graphic illustrating different ways to wear the neck gaiter, including styles like scarf, headband, hood, and neckerchief.",/amazon_fashion/B089RG7X77.jpg,Bosttor,12.82,기타
B07CP3ZN4C,Foster Grant Marta Win Women's Reading Glasses & Case (+1.00),"Fashion Vertical: Eyewear

Attributes:
- Main Category: Glasses
- Sub Category: Reading Glasses
- Fit: Regular
- Sleeve Style: N/A
- Neck Style: N/A
- Material: Plastic
- Pattern / Print / Theme: Solid
- Closure Type: N/A
- Gemstone: None
- Frame Material: Plastic
- Lens Material: Plastic
- Lens Type: Prescription
- Occasion: Casual
- Colors: Black, Red
- Sizes: N/A
- Age Group: N/A

Image Descriptions:
- Image 1: Close-up view of reading glasses. The frame is predominantly black with red accents on the arms. The glasses sit on a textured background. The lens appears clear. Dimensions visible on packaging: 7.4 x 3.2 x 1.9 inches.",/amazon_fashion/B07CP3ZN4C.jpg,Foster Grant,15.04,기타
B081M443PG,"Tropic Bliss Women's Wide Leg Organic Cotton Palazzo Pants, Fair Trade (Large, Slate Gray)","Fashion Vertical: Women

Attributes:
- Main Category: Pants
- Sub Category: Palazzo Pants
- Fit: Regular
- Sleeve Style: N/A
- Neck Style: N/A
- Material: Organic Cotton
- Pattern / Print / Theme: Solid
- Closure Type: Drawstring
- Gemstone: None
- Frame Material: N/A
- Lens Material: N/A
- Lens Type: N/A
- Occasion: Casual
- Colors: Slate Gray
- Sizes: L
- Age Group: N/A

Image Descriptions:
- Image 1: Front view of wide-leg palazzo pants in slate gray, featuring a high waistband. 
- Image 2: Rear view showing the pants' flow and the elastic waistband.
- Image 3: Side view emphasizing the full width of the legs.
- Image 4: Another side view highlighting the flowing shape.
- Image 5: Model posing outdoors in the gray palazzo pants paired with a light top, showcasing a casual style.
- Image 6: Another outdoor pose with a natural setting, displaying movement and fabric flow.
- Image 7: Size chart detailing measurements for XS to XXL, including waist, hip, and length specifications.",/amazon_fashion/B081M443PG.jpg,Tropic Bliss,83.62,하의
B09JP2WGVM,Romwe Men's Hawaiian Shirt Button Down Short Sleeve Tropical Casual Beach Shirt Tops Brown XL,"Fashion Vertical: Men

Attributes:
- Main Category: Shirt
- Sub Category: Hawaiian Shirt
- Fit: Regular
- Sleeve Style: Short-sleeve
- Neck Style: Collared
- Material: Polyester
- Pattern / Print / Theme: Animal print (leopard, zebra)
- Closure Type: Button
- Gemstone: None
- Frame Material: None
- Lens Material: None
- Lens Type: None
- Occasion: Casual
- Colors: Brown, Beige, Black, Purple
- Sizes: XL
- Age Group: None

Image Descriptions:
- Image 1: The model is wearing a short-sleeve Hawaiian shirt featuring a patchwork of various animal prints. The prominent colors include brown, beige, and purple, with a collared neck and button closure. The shirt is made of a lightweight polyester material.
- Image 2: A view of the back of the shirt showcases the same patchwork design. The shirt has a loose fit, accentuating a casual style.
- Image 3: The front view highlights the button details and the diversity of colors and prints on the shirt, emphasizing its tropical aesthetic.
- Image 4: Another angle of the front confirms the short sleeves and the vibrant patterns, making it suitable for casual outings.
- Image 5: The model stands in a relaxed stance, showing off the patterned shirt paired with black shorts, perfect for a beach outing or casual gatherings.
- Image 6: A size chart image displaying measurements for various sizes, including shoulder, bust, length, and sleeve length.",/amazon_fashion/B09JP2WGVM.jpg,Romwe,66.67,상의
B07XRNLP1W,ZERDOCEAN Women's Plus Size Winter Warm Coats Hoodie Parkas Overcoat Faux Fur Lined Outwear Jackets. Pink 22W-24W,"Fashion Vertical: Women

Attributes:
- Main Category: Coat
- Sub Category: Parka
- Fit: Regular
- Sleeve Style: Full-sleeve
- Neck Style: Hooded
- Material: Faux Fur, Polyester
- Pattern / Print / Theme: Solid
- Closure Type: Zip, Button
- Gemstone: None
- Frame Material: None
- Lens Material: None
- Lens Type: None
- Occasion: Casual, Winter
- Colors: Pink
- Sizes: 22W-24W
- Age Group: None

Image Descriptions:
- Image 1: A woman wearing a pink parka with a hood. The coat features a zip and button closure, two front pockets, and is made from a faux fur-lined material. The background is neutral.
- Image 2: A back view of the pink parka, showcasing the hood and cinched waist detail. The coat appears to have a relaxed fit.
- Image 3: A close view of the front of the coat, highlighting the button details and side pockets. 
- Image 4: The woman is smiling and showcasing the full coat, with hands in the pockets, emphasizing the relaxed style.
- Image 5: A side view showing the coat's length and overall shape, complete with a casual outfit underneath.
- Image 6: The woman is seen from the back again, further emphasizing the hip-length style and hooded feature of the parka.",/amazon_fashion/B07XRNLP1W.jpg,ZERDOCEAN,168.76,아우터
B015RLIS6Y,"3 Piece Modern Slim Cut Suit for Men - 36 Regular, Heather Black","Fashion Vertical: Men

Attributes:
- Main Category: Suit
- Sub Category: Slim Cut Suit
- Fit: Regular
- Sleeve Style: Full-sleeve
- Neck Style: Collared
- Material: Unknown
- Pattern / Print / Theme: Solid
- Closure Type: Button
- Gemstone: None
- Frame Material: None
- Lens Material: None
- Lens Type: None
- Occasion: Formal
- Colors: Heather Black
- Sizes: 36 Regular
- Age Group: None

Image Descriptions:
- Image 1: A man wearing a black slim cut suit with a white shirt and blue tie. The suit features a single-breasted design with a notched collar. The material appears smooth and formal.
- Image 2: Similar to Image 1, the man is smiling and in a front-facing pose. The suit is the same as in the first image, showcasing its fitting and style.
- Image 3: The same man holds one hand in his pocket, displaying a confident posture. The suit still maintains a classic look with a visible waistcoat underneath.
- Image 4: Two suits side by side, one in heather black and one in a dark gray pattern. Both suits have a similar cut and style, showing the versatility of the designs.",/amazon_fashion/B015RLIS6Y.jpg,House of St. Benets,221.96,원피스
B08111NNRC,SweatyRocks Women's Casual Plaid Paperbag Elastic Waist Pants with Belted Grey M,"Fashion Vertical: Women

Attributes:
- Main Category: Pants
- Sub Category: Paperbag Pants
- Fit: Regular
- Sleeve Style: N/A
- Neck Style: N/A
- Material: N/A
- Pattern / Print / Theme: Plaid
- Closure Type: Belt closure
- Gemstone: None
- Frame Material: N/A
- Lens Material: N/A
- Lens Type: N/A
- Occasion: Casual
- Colors: Grey, Black
- Sizes: M
- Age Group: N/A

Image Descriptions:
- Image 1: Front view of grey plaid paperbag pants with a belted waist; model wearing transparent high heels.
- Image 2: Back view of the same pants; model's back visible, showing waist detail.
- Image 3: Side view highlighting the pants fit and style; model standing in transparent high heels.
- Image 4: Front view with a model carrying a white bag, showcasing a complete outfit.
- Image 5: Size chart image displaying measurements for various sizes (XS to XL) in inches.",/amazon_fashion/B08111NNRC.jpg,SweatyRocks,114.33,하의
B0919CD9X4,"JASMY Hip Hop Smiley Face Hoodies Fashion Trendy Couples Sweatshirt Sweater for Men Women Kids (Green,XXXL)","Fashion Vertical: Unisex

Attributes:
- Main Category: Hoodie
- Sub Category: Graphic Hoodie
- Fit: Regular
- Sleeve Style: Full-sleeve
- Neck Style: Hooded
- Material: Cotton, Polyester
- Pattern / Print / Theme: Graphic Print (Smiley Face)
- Closure Type: None
- Gemstone: None
- Frame Material: N/A
- Lens Material: N/A
- Lens Type: N/A
- Occasion: Casual
- Colors: Green, Yellow, Red, Pink, Blue
- Sizes: S, M, L, XL, XXL, XXXL
- Age Group: N/A

Image Descriptions:
- Image 1: A green hoodie featuring a large yellow smiley face graphic printed on the front, with the text ""drew"" underneath the smile, and a kangaroo pocket.
- Image 2: Size description chart showing dimensions in cm and inches for different sizes of the hoodie.
- Image 3: Another size description chart similar to the second image, with the same information.
- Image 4: Close-up details of a black hoodie, highlighting the hat design, fabric texture, and cuff design.
- Image 5: Features of a high-quality hoodie in red, showing a close-up of the hood, sleeves, and pocket detailing.
- Image 6: Similar close-ups of a pink hoodie, emphasizing the material and construction quality.
- Image 7: Close-up of yellow hoodie drawstrings with plastic tips.
- Image 8: Close-up of the fabric of a yellow hoodie showing its soft texture.
- Image 9: Close-up of a blue hoodie focusing on the hood design and the label inside.",/amazon_fashion/B0919CD9X4.jpg,JASMY,73.56,상의
B01MCV9PF6,Hengzhi Women's Office Long Sleeve Shirts Button Down Cute Base Layer Blouse Top White,"Fashion Vertical: Women

Attributes:
- Main Category: Shirt
- Sub Category: Button Down Blouse
- Fit: Regular
- Sleeve Style: Three-quarter sleeve
- Neck Style: Collared
- Material: Polyester
- Pattern / Print / Theme: Stripes
- Closure Type: Button
- Gemstone: None
- Frame Material: None
- Lens Material: None
- Lens Type: None
- Occasion: Casual, Office
- Colors: White, Black
- Sizes: Not specified
- Age Group: Not applicable

Image Descriptions:
- Image 1: A front view of a woman wearing a long-sleeve, button-down blouse with black and white vertical stripes. The blouse has a collared neck and the sleeves are rolled up.
- Image 2: A back view of the same blouse, showcasing the striped pattern and rolled sleeves.
- Image 3: A side view of the blouse, emphasizing the button details and collar, paired with black pants.
- Image 4: A close-up of the blouse, highlighting the stripe pattern and button details, with the model holding a magazine.",/amazon_fashion/B01MCV9PF6.jpg,Hengzhi,50.89,상의
B0B28T7NQD,COSYOU Women's Tunic Tops Classic Women's Empire Waist Maternity Tops Loose Oversized Shirt (XXL) White,"Fashion Vertical: Women

Attributes:
- Main Category: Top
- Sub Category: Tunic
- Fit: Loose
- Sleeve Style: Half-sleeve
- Neck Style: V-neck
- Material: Unknown (assumed lightweight fabric based on appearance)
- Pattern / Print / Theme: Abstract print
- Closure Type: None
- Gemstone: None
- Frame Material: None
- Lens Material: None
- Lens Type: None
- Occasion: Casual
- Colors: White, Pink, Green, Blue, Beige
- Sizes: XXL
- Age Group: None

Image Descriptions:
- Image 1: A woman wearing a loose, abstract print tunic top in various colors including white, pink, and green. The fabric appears lightweight with a V-neck and half-sleeves.
- Image 2: The same woman stands in front of a pink wall showing the tunic top paired with denim jeans. The tunic has a peplum style, accentuated by its loose fit and colorful abstract print.
- Image 3: A rear view of the woman showcasing the back of the tunic, revealing the full print and style details. The tunic flows freely over the jeans.
- Image 4: A front view of the tunic on a mannequin or flat lay, highlighting the vibrant abstract print and the loose fit with half-sleeves and V-neck.",/amazon_fashion/B0B28T7NQD.jpg,COSYOU,51.47,상의
B07C3M5PLC,Zexxxy Long Woven Pj Set for Women Plus Size Short Sleeve Comfy Loungewear Black XXL,"Fashion Vertical: Women

Attributes:
- Main Category: Pajamas
- Sub Category: Loungewear Set
- Fit: Regular
- Sleeve Style: Short Sleeve
- Neck Style: Collared
- Material: Polyester
- Pattern / Print / Theme: Solid
- Closure Type: Button
- Gemstone: None
- Frame Material: None
- Lens Material: None
- Lens Type: None
- Occasion: Casual
- Colors: Black
- Sizes: XXL
- Age Group: None

Image Descriptions:
- Image 1: A woman wearing a black short sleeve pajama set with a white outline. The top features a pocket and buttons at the front, and the pants are loose-fitting.
- Image 2: Similar to image 1, showing the same black pajama set. The woman is posing slightly differently, showcasing the overall style.
- Image 3: Another view of the black pajama set on a woman, highlighting the relaxed fit and short sleeves.
- Image 4: The woman stands with a slight smile, again showcasing the pajama set, emphasizing the collar and button closure.
- Image 5: A back view of the pajama set, illustrating the longer cut of the shirt and its simple, unembellished style.
- Image 6: A size chart image displaying the measurements for different sizes (S to 2XL) in inches for bust, waist, hips, tops length, and pants length.",/amazon_fashion/B07C3M5PLC.jpg,Zexxxy,53.79,원피스
B07MGVDLV8,"Meoliny Rhinestone Hoop Earrings CZ Dainty Earrings Hoops Earrings for Women Girls,Silver","Fashion Vertical: Jewelry

Attributes:
- Main Category: Earrings
- Sub Category: Hoop Earrings
- Fit: N/A
- Sleeve Style: N/A
- Neck Style: N/A
- Material: Metal
- Pattern / Print / Theme: Solid
- Closure Type: N/A
- Gemstone: CZ
- Frame Material: N/A
- Lens Material: N/A
- Lens Type: N/A
- Occasion: Casual, Formal, Party
- Colors: Silver
- Sizes: N/A
- Age Group: N/A

Image Descriptions:
- Image 1: Silver hoop earrings featuring a row of sparkling CZ rhinestones along the outer edge. The earrings have a classic round shape and a simple, elegant design.
- Image 2: Close-up view of the silver hoop earrings showcasing their shiny surface and sparkling rhinestones. The image includes a cosmetic product in the background, adding context to the earrings' style.",/amazon_fashion/B07MGVDLV8.jpg,Meoliny,46.16,기타
B08TQQTR3F,Msmsse Womens Drawstring Elastic Waist Shorts Plus Size Shorts Pink US S/Asian 3XL,"Fashion Vertical: Women

Attributes:
- Main Category: Shorts
- Sub Category: Cargo Shorts
- Fit: Regular
- Sleeve Style: N/A
- Neck Style: N/A
- Material: Cotton
- Pattern / Print / Theme: Solid
- Closure Type: Drawstring
- Gemstone: None
- Frame Material: N/A
- Lens Material: N/A
- Lens Type: N/A
- Occasion: Casual
- Colors: Pink, Black
- Sizes: S, Asian 3XL
- Age Group: N/A

Image Descriptions:
- Image 1: Front view of beige cargo shorts featuring an elastic drawstring waist and side pockets. The shorts have a relaxed fit and are made of cotton.
- Image 2: Back view of black cargo shorts showcasing similar design features as Image 1, with pockets and an elastic waistband.
- Image 3: Close-up of the black shorts pocket area, showing two smartphones placed in the side pockets, highlighting utility and storage.
- Image 4: Another close-up focusing on the waistband and stitching details of the black shorts, emphasizing quality material and construction.
- Image 5: Close-up of the fabric texture of the black shorts, revealing the smooth, durable cotton material.",/amazon_fashion/B08TQQTR3F.jpg,Msmsse,36.68,하의
B09PHD8BFW,Clothfun Elegant Teal V-Neck Chiffon Bridesmaid Dresses for Women Cold Shoulder Pleated Formal Dress with Slit Size 12,"Fashion Vertical: Women

Attributes:
- Main Category: Dress
- Sub Category: Bridesmaid Dress
- Fit: Regular
- Sleeve Style: Cold Shoulder
- Neck Style: V-neck
- Material: Chiffon
- Pattern / Print / Theme: Solid
- Closure Type: Lace-up
- Gemstone: None
- Frame Material: None
- Lens Material: None
- Lens Type: None
- Occasion: Formal
- Colors: Teal, Light Blue, Light Green, Navy
- Sizes: US 0 - US 28W
- Age Group: None

Image Descriptions:
- Image 1: A model wearing a teal chiffon dress with a high side slit and cold shoulder design. The dress has a flowy skirt and a V-neckline.
- Image 2: A model in a light green chiffon dress showcasing a similar cold shoulder and V-neck design, also featuring a high slit. The background is natural greenery.
- Image 3: A close-up of the same light green dress, highlighting the pleated detail and elegant fabric, with the model posing against a lush green backdrop.
- Image 4: A model in a light blue dress similar in design to the others, displaying the high slit and flowy silhouette, set against a bright outdoor setting.
- Image 5: A model showcasing the back of a navy chiffon dress with a lace-up back detail, maintaining the elegant look and cold shoulder style.
- Image 6: A size chart displaying measurements for the dress in both inches and centimeters, covering various sizes from US 0 to US 28W.
- Image 7: An illustration providing measurement tips for an accurate fit, explaining how to measure bust, waist, hips, and other dimensions.",/amazon_fashion/B09PHD8BFW.jpg,Clothfun,68.22,원피스
B010EANHX2,Real Sterling Silver 925 Twins Forever Brother Sister Sterling Silver 925 Charn Jewelry Heart Split Share,"Fashion Vertical: Jewelry

Attributes:
- Main Category: Jewelry
- Sub Category: Charm
- Fit: N/A
- Sleeve Style: N/A
- Neck Style: N/A
- Material: Sterling Silver
- Pattern / Print / Theme: N/A
- Closure Type: N/A
- Gemstone: None
- Frame Material: N/A
- Lens Material: N/A
- Lens Type: N/A
- Occasion: Casual, Gift
- Colors: Silver
- Sizes: N/A
- Age Group: N/A

Image Descriptions:
- Image 1: A split heart charm with the inscription ""TWINS FOREVER"" on one half. The charm is made of sterling silver, featuring a textured surface and a visible crack dividing the heart shape. The design highlights its unique sentimental value. 

- Image 2: N/A (only one image provided)",/amazon_fashion/B010EANHX2.jpg,Prince of Diamonds Inc,36.24,기타
B07SZBZZ87,"VELJIE Women's Short Sleeve Blouse Contrast Slit Asymmetrical Loose Casual Tee T-Shirt Tops (Black,10)","Fashion Vertical: Women

Attributes:
- Main Category: Blouse
- Sub Category: Casual Tee
- Fit: Loose
- Sleeve Style: Short-sleeve
- Neck Style: Round neck
- Material: Unknown (likely Cotton/Polyester blend based on typical materials for tees)
- Pattern / Print / Theme: Solid
- Closure Type: None
- Gemstone: None
- Frame Material: None
- Lens Material: None
- Lens Type: None
- Occasion: Casual
- Colors: Black, White (contrast)
- Sizes: S, M, L, XL, XXL
- Age Group: None

Image Descriptions:
- Image 1: A woman wearing a black short-sleeve blouse featuring a white asymmetrical slit design. The fabric appears soft and casual, suitable for everyday wear.
- Image 2: A close-up of the black blouse, showcasing the asymmetrical design and contrasting white trim. The fabric looks smooth and lightweight.
- Image 3: A back view of the blouse, illustrating its sleek design with no additional features visible.
- Image 4: A close-up of the fabric texture, highlighting a fine, smooth finish.
- Image 5: A size chart with dimensions for S, M, L, XL, and XXL showing bust and sleeve lengths as well as dress lengths.",/amazon_fashion/B07SZBZZ87.jpg,VELJIE,87.02,상의
B07VH9SNKW,High Waisted Pants for Women Striped Ruffle Belt Elastic Waist Casual Loose Paper Bag Pants Trouser with Pockets Black and White X-Large,"Fashion Vertical: Women

Attributes:
- Main Category: Pants
- Sub Category: Paper Bag Pants
- Fit: Loose
- Sleeve Style: N/A
- Neck Style: N/A
- Material: Polyester
- Pattern / Print / Theme: Striped
- Closure Type: Belt closure
- Gemstone: None
- Frame Material: N/A
- Lens Material: N/A
- Lens Type: N/A
- Occasion: Casual
- Colors: Black, White
- Sizes: XL
- Age Group: N/A

Image Descriptions:
- Image 1: Features high-waisted black and white striped pants with a belt; model wears a basic white top and strappy heels.
- Image 2: Shows the same striped pants and top combination with the model standing in a relaxed pose, emphasizing the outfit's casual style.
- Image 3: Highlights the model from a side angle, showcasing the fit of the pants and the tied belt detail, paired again with a white top.
- Image 4: Presents an outdoor scene with a different model wearing the striped pants and a black crop top, accessorized with a black handbag.
- Image 5: Captures a back view of the pants, highlighting the high-waisted design and waistband.
- Image 6: Displays a size chart for the pants, detailing waist and hip size ranges in inches and centimeters, with model measurements included.",/amazon_fashion/B07VH9SNKW.jpg,PEIQI,107.44,하의
B0178AO7N0,"Under Armor HeatGear Armour Long Compression Shorts, Navy, Large","Fashion Vertical: Men

Attributes:
- Main Category: Shorts
- Sub Category: Compression Shorts
- Fit: Tight
- Sleeve Style: N/A
- Neck Style: N/A
- Material: Polyester
- Pattern / Print / Theme: Solid
- Closure Type: Pull On
- Gemstone: None
- Frame Material: N/A
- Lens Material: N/A
- Lens Type: N/A
- Occasion: Sports
- Colors: Navy
- Sizes: L
- Age Group: N/A

Image Descriptions:
- Image 1: The image shows navy compression shorts made of polyester material. The shorts are a solid color with a close fit. They feature the Under Armor logo in white on the lower left side.
- Image 2: The second image appears to be a close-up view of the shorts, highlighting the texture and fit. The waistband is elastic, emphasizing the snug design suited for athletic wear.",/amazon_fashion/B0178AO7N0.jpg,,32.58,하의
B07MV8V949,"HOYMN Summer Dresses for Women, Women's Vacation Beach Hawaiian Short Sleeve Round Neck Irregular Casual Swing Pleated Dress Red","Fashion Vertical: Women

Attributes:
- Main Category: Dress
- Sub Category: Casual Swing Dress
- Fit: Regular
- Sleeve Style: Short sleeve
- Neck Style: Round neck
- Material: Polyester
- Pattern / Print / Theme: Solid
- Closure Type: Pull-on
- Gemstone: None
- Frame Material: N/A
- Lens Material: N/A
- Lens Type: N/A
- Occasion: Casual, Vacation
- Colors: Red
- Sizes: S, M, L, XL
- Age Group: N/A

Image Descriptions:
- Image 1: A woman wearing a red, short-sleeved dress with a round neckline and an irregular hem. The fabric appears to be lightweight and flowing, creating a casual and feminine silhouette.
- Image 2: A side view of the same dress showcasing its flowy design and irregular hemline. The dress is worn with tan open-toe shoes, further accentuating its casual appeal.
- Image 3: A back view of the dress, which highlights the loose fit and fluttering sleeves. The irregular hem continues to soften the dress's appearance.
- Image 4: A standalone image of the red dress, displaying its simple, elegant design without a model. The focus is on the dress's rounded neckline and flowing fabric.
- Image 5: A close-up of the fabric, showing its smooth texture and rich red color, emphasizing the material quality.
- Image 6: A size chart image detailing measurements for different sizes (S, M, L, XL), including length, sleeve, bust, and waist dimensions.",/amazon_fashion/B07MV8V949.jpg,HOYMN,108.48,원피스
B07G12DWPJ,DIDK Women's Loose V Neck Harem Leg Oversized Jumpsuit Black XS,"Fashion Vertical: Women

Attributes:
- Main Category: Jumpsuit
- Sub Category: Harem Jumpsuit
- Fit: Loose
- Sleeve Style: Sleeveless
- Neck Style: V-neck
- Material: Polyester
- Pattern / Print / Theme: Solid
- Closure Type: Tie
- Gemstone: None
- Frame Material: None
- Lens Material: None
- Lens Type: None
- Occasion: Casual
- Colors: Black
- Sizes: XS
- Age Group: None

Image Descriptions:
- Image 1: A sleeveless black harem jumpsuit with a deep V-neckline. The fabric appears light and flowy, allowing for a loose fit. The model accessorizes with a small woven bag.
- Image 2: The back view of the jumpsuit, showcasing a low back design secured with ties. The fabric continues to drape loosely, emphasizing comfort.
- Image 3: A front view similar to the first image, highlighting the jumpsuit’s loose fit and V-neck, with the model raising one arm for a dynamic pose.
- Image 4: Another front view of the jumpsuit, with the model displaying it in a casual stance, further emphasizing the relaxed and open neckline.
- Image 5: A close-up of the back detail, showing the adjustable tie closure and the loose fabric around the waist and back area.",/amazon_fashion/B07G12DWPJ.jpg,DIDK,158.68,원피스
B08F5BNRHD,Dust Masks Full Face Mask Wire Fox Terrier Dog Breed Gifts Pure Breed Dog Lover Balaclavas Mouth Shield With 2 Replaceable Filters,"Fashion Vertical: Accessories

Attributes:
- Main Category: Mask
- Sub Category: Full Face Mask
- Fit: Adjustable
- Sleeve Style: None
- Neck Style: None
- Material: Polyester
- Pattern / Print / Theme: Animal Print (Wire Fox Terrier)
- Closure Type: Adjustable ear loops
- Gemstone: None
- Frame Material: None
- Lens Material: None
- Lens Type: None
- Occasion: Casual
- Colors: Gray, Brown, White, Black
- Sizes: One Size

Image Descriptions:
- Image 1: A full face mask featuring a repeated pattern of Wire Fox Terrier dogs on a gray background. The mask appears to be made of polyester and has adjustable ear loops.
- Image 2: A close-up showing size dimensions (7.9 in x 5.9 in) along with an adjustable M-shaped nose clip for better fit.
- Image 3: The inner side of the mask displaying a pocket for a replaceable filter. The filter size is indicated as 12 cm x 8 cm.
- Image 4: A detailed view of the mask showing waterproof and breathable features along with adjustable ear loops and the same dog print.
- Image 5: A side view of the mask showing the same print of Wire Fox Terrier dogs, emphasizing adjustable ear loops.
- Image 6: An infographic displaying the mask's usage scenarios, such as pollen allergy, smoggy weather, and cold weather.",/amazon_fashion/B08F5BNRHD.jpg,CUKENG,18.79,기타
B013PZ62SA,FPT Womens Cropped Denim Vest MEDIUM WASH 2X-LARGE,"Fashion Vertical: Women

Attributes:
- Main Category: Vest
- Sub Category: Cropped Denim Vest
- Fit: Regular
- Sleeve Style: Sleeveless
- Neck Style: Collared
- Material: Denim
- Pattern / Print / Theme: Solid
- Closure Type: Button
- Gemstone: None
- Frame Material: None
- Lens Material: None
- Lens Type: None
- Occasion: Casual
- Colors: Medium Wash Blue
- Sizes: 2X-Large
- Age Group: None

Image Descriptions:
- Image 1: Front view of a cropped denim vest with a collared neck and button closure. Visible features include two chest pockets and a medium wash blue color.
- Image 2: Open-front view of the same vest, showcasing the inner material. The same pocket and button details are visible.
- Image 3: Side view highlighting the fitted style of the vest. The medium wash blue denim and detailing of buttons are visible.
- Image 4: Back view of the vest showing the clean denim finish with no visible branding or pockets.
- Image 5: Close-up of the vest collar and button detail, emphasizing the material's texture and design features.",/amazon_fashion/B013PZ62SA.jpg,Fifth Parallel Threads,54.33,아우터
B07Q5T42JF,"Simplee Women's Elegant Half Flare Sleeves High Waist Hollow Out Mini Dress (12, Pink 02)","Fashion Vertical: Women

Attributes:
- Main Category: Dress
- Sub Category: Mini Dress
- Fit: Regular
- Sleeve Style: Half-sleeve
- Neck Style: Round neck
- Material: Cotton
- Pattern / Print / Theme: Solid
- Closure Type: Pull On
- Gemstone: None
- Frame Material: N/A
- Lens Material: N/A
- Lens Type: N/A
- Occasion: Casual
- Colors: Pink
- Sizes: S, M, L, XL
- Age Group: N/A

Image Descriptions:
- Image 1: A front view of the dress showcasing its pink color, half flare sleeves, and an intricate hollow-out pattern. The fabric appears light and breathable. The model also carries a round woven bag which adds to the casual appeal.
- Image 2: A back view of the same dress, illustrating the same hollow-out design and cute scalloped hem at the bottom. The model's hair is loose, enhancing the casual, carefree look.
- Image 3: A side view highlighting the curved edges of the sleeves and the overall silhouette of the dress, revealing how it flares out from the waist for a relaxed fit.
- Image 4: A close-up image showcasing the detailed hollow-out pattern of the fabric, emphasizing the craftsmanship and texture.
- Image 5: A close-up of the fabric showing the intricate embroidery details that create the hollow effects, hinting at the dress's softness and lightweight nature.
- Image 6: A size chart detailing various sizes (S to XL), including measurements for bust, waist, hip, and length, providing essential fit information for potential buyers.",/amazon_fashion/B07Q5T42JF.jpg,Simplee Apparel,49.19,원피스
B00O9UJWGK,DADAWEN Boy's Girl's Slip-on Loafers Oxford Shoes Black US Size 8.5 M Toddler,"Fashion Vertical: Kids

Attributes:
- Main Category: Footwear
- Sub Category: Loafers
- Fit: Regular
- Sleeve Style: N/A
- Neck Style: N/A
- Material: PU (Polyurethane)
- Pattern / Print / Theme: Solid
- Closure Type: Slip-on
- Gemstone: None
- Frame Material: N/A
- Lens Material: N/A
- Lens Type: N/A
- Occasion: Casual
- Colors: Black, Blue, Pink, Red, Yellow, Brown, White
- Sizes: US Size 8.5 M Toddler
- Age Group: Toddler

Image Descriptions:
- Image 1: A close-up of a black loafers shoe made from soft PU material, featuring a textured upper, hand-stitched details, and a rubber outsole.
- Image 2: A collection of loafers in various colors including black, blue, pink, red, yellow, brown, and white arranged in a circular pattern, showcasing the slip-on style and different color options.
- Image 3: The underside of a black loafer showcasing a textured rubber sole designed for grip, featuring round patterns for added traction.
- Image 4: A close-up view of the front of the black loafers showing the texture and stitching, emphasizing the soft PU upper material and outlined details.
- Image 5: A side view of a black loafer with annotations highlighting features such as back heel design, hand-sewn construction, and the soft shoe upper material.
- Image 6: A size chart detailing various US and Asia sizes, including foot length measurements to guide customers in selecting the correct fit.
- Image 7: A repeated view of the product display, emphasizing multiple key features of the shoe, including its construction and design attributes.",/amazon_fashion/B00O9UJWGK.jpg,DADAWEN,140.75,기타
